STATION,DATE,LATITUDE,LONGITUDE,ELEVATION,NAME,TEMP,TEMP_ATTRIBUTES,DEWP,DEWP_ATTRIBUTES,SLP,SLP_ATTRIBUTES,STP,STP_ATTRIBUTES,VISIB,VISIB_ATTRIBUTES,WDSP,WDSP_ATTRIBUTES,MXSPD,GUST,MAX,MAX_ATTRIBUTES,MIN,MIN_ATTRIBUTES,PRCP,PRCP_ATTRIBUTES,SNDP,FRSHTT
72572024127,1/1/2021,40.77069,-111.96503,1288.4,"SALT LAKE CITY INTERNATIONAL AIRPORT, UT US",26.8,24,23.5,24,1025.5,20,876.9,24,6.7,24,3.6,24,9.9,999.9,34, ,17.1, ,0,G,999.9,100000
72572024127,1/2/2021,40.77069,-111.96503,1288.4,"SALT LAKE CITY INTERNATIONAL AIRPORT, UT US",29.6,24,19.8,24,1025.4,24,876.7,24,10,24,2.9,24,12,999.9,39, ,17.1, ,0,G,999.9,0
72572024127,1/3/2021,40.77069,-111.96503,1288.4,"SALT LAKE CITY INTERNATIONAL AIRPORT, UT US",28.6,24,22.1,24,1022.7,22,874.6,24,9,24,4.6,24,12,999.9,39, ,23, ,0,G,999.9,101000
72572024127,1/4/2021,40.77069,-111.96503,1288.4,"SALT LAKE CITY INTERNATIONAL AIRPORT, UT US",33.1,24,26.7,24,1023.4,24,875.6,24,10,24,7.7,24,12,999.9,45, ,23, ,0.02,G,999.9,0
72572024127,1/5/2021,40.77069,-111.96503,1288.4,"SALT LAKE CITY INTERNATIONAL AIRPORT, UT US",36.3,24,28.3,24,1020.1,23,873,24,9.2,24,7.4,24,17.3,35.9,45, ,26.1, ,0.05,G,999.9,10000
72572024127,1/6/2021,40.77069,-111.96503,1288.4,"SALT LAKE CITY INTERNATIONAL AIRPORT, UT US",30.8,24,19.7,24,1028.8,24,880.3,24,10,24,5.5,24,11.1,999.9,43, ,24.1, ,0,I,999.9,0
72572024127,1/7/2021,40.77069,-111.96503,1288.4,"SALT LAKE CITY INTERNATIONAL AIRPORT, UT US",31.1,24,22.3,24,1025.3,24,877.1,24,9.8,24,4.8,24,9.9,999.9,43, ,21, ,0,G,999.9,0
72572024127,1/8/2021,40.77069,-111.96503,1288.4,"SALT LAKE CITY INTERNATIONAL AIRPORT, UT US",31,24,21.9,24,1026.6,24,878.5,24,9.9,24,3.4,24,8.9,999.9,43, ,21, ,0,G,999.9,100000
72572024127,1/9/2021,40.77069,-111.96503,1288.4,"SALT LAKE CITY INTERNATIONAL AIRPORT, UT US",30.7,24,23.6,24,1023.7,24,875.6,24,9.1,24,5.7,24,11.1,999.9,43, ,21.9, ,0,G,999.9,0
72572024127,1/10/2021,40.77069,-111.96503,1288.4,"SALT LAKE CITY INTERNATIONAL AIRPORT, UT US",27.8,24,20.8,24,1030,24,880.6,24,10,24,3.2,24,9.9,999.9,37.9, ,21.9, ,0,G,999.9,0
72572024127,1/11/2021,40.77069,-111.96503,1288.4,"SALT LAKE CITY INTERNATIONAL AIRPORT, UT US",24.6,24,18.2,24,1032.7,24,882.4,24,9.6,24,4,24,9.9,999.9,37, ,18, ,0,G,999.9,0
72572024127,1/12/2021,40.77069,-111.96503,1288.4,"SALT LAKE CITY INTERNATIONAL AIRPORT, UT US",26.9,24,19.2,24,1031.3,24,881.3,24,8,24,5.1,24,9.9,999.9,39, ,18, ,0,G,999.9,0
72572024127,1/13/2021,40.77069,-111.96503,1288.4,"SALT LAKE CITY INTERNATIONAL AIRPORT, UT US",33.6,24,21.7,24,1028,24,879.4,24,7.7,24,4.5,24,15.9,999.9,52, ,18, ,0,G,999.9,0
72572024127,1/14/2021,40.77069,-111.96503,1288.4,"SALT LAKE CITY INTERNATIONAL AIRPORT, UT US",34.5,24,17,24,1031.4,24,883.1,24,9.8,24,4.8,24,15.9,999.9,52, ,23, ,0,G,999.9,0
72572024127,1/15/2021,40.77069,-111.96503,1288.4,"SALT LAKE CITY INTERNATIONAL AIRPORT, UT US",31.7,24,13.1,24,1034.5,24,885,24,10,24,5.4,24,9.9,999.9,46.9, ,23, ,0,G,999.9,0
72572024127,1/16/2021,40.77069,-111.96503,1288.4,"SALT LAKE CITY INTERNATIONAL AIRPORT, UT US",36.1,24,24.5,24,1028.4,24,880.3,24,9.7,24,4.5,24,9.9,999.9,46.9, ,23, ,0.01,G,999.9,1000
72572024127,1/17/2021,40.77069,-111.96503,1288.4,"SALT LAKE CITY INTERNATIONAL AIRPORT, UT US",33.5,24,25,24,1027.6,24,879.6,24,9.8,24,4.2,24,7,999.9,46.9, ,24.1, ,0,I,999.9,0
72572024127,1/18/2021,40.77069,-111.96503,1288.4,"SALT LAKE CITY INTERNATIONAL AIRPORT, UT US",35.4,24,25.7,24,1022,24,875.1,24,9.8,24,4.4,24,15.9,999.9,46.9, ,24.1, ,0,G,999.9,0
72572024127,1/19/2021,40.77069,-111.96503,1288.4,"SALT LAKE CITY INTERNATIONAL AIRPORT, UT US",33.5,24,14.6,24,1024.3,24,876.5,24,10,24,6.7,24,14,32.1,44.1, ,21.9, ,0,G,999.9,0
72572024127,1/20/2021,40.77069,-111.96503,1288.4,"SALT LAKE CITY INTERNATIONAL AIRPORT, UT US",29.8,24,15.8,24,1027.3,24,878.8,24,10,24,4.7,24,11.1,999.9,44.1, ,21, ,0,G,999.9,0
72572024127,1/21/2021,40.77069,-111.96503,1288.4,"SALT LAKE CITY INTERNATIONAL AIRPORT, UT US",30.5,24,20.7,24,1020.8,24,873.1,24,9.9,24,2.7,24,6,999.9,43, ,21, ,0,G,999.9,100000
72572024127,1/22/2021,40.77069,-111.96503,1288.4,"SALT LAKE CITY INTERNATIONAL AIRPORT, UT US",34.2,24,25.1,24,1013,24,867,24,9.8,24,3.3,24,17.1,22.9,50, ,21, ,0,G,999.9,10000
72572024127,1/23/2021,40.77069,-111.96503,1288.4,"SALT LAKE CITY INTERNATIONAL AIRPORT, UT US",37.3,24,33.3,24,1004.9,18,861,24,7.9,24,8.8,24,15.9,22,50, ,26.1, ,0.01,G,999.9,111000
72572024127,1/24/2021,40.77069,-111.96503,1288.4,"SALT LAKE CITY INTERNATIONAL AIRPORT, UT US",28.7,24,28,24,1011.3,14,865.3,24,4.3,24,4.2,24,8,999.9,39.9, ,26.1, ,0.35,G,2,1000
72572024127,1/25/2021,40.77069,-111.96503,1288.4,"SALT LAKE CITY INTERNATIONAL AIRPORT, UT US",27.4,24,26,24,1006.1,17,860.2,24,5.1,24,3.4,24,8,999.9,33.1, ,23, ,0.02,G,2,101000
72572024127,1/26/2021,40.77069,-111.96503,1288.4,"SALT LAKE CITY INTERNATIONAL AIRPORT, UT US",25.4,24,21.7,24,1004.6,21,859,24,8.3,24,4.5,24,9.9,999.9,33.1, ,19.9, ,0.01,G,1.2,1000
72572024127,1/27/2021,40.77069,-111.96503,1288.4,"SALT LAKE CITY INTERNATIONAL AIRPORT, UT US",30,24,20.9,24,1017.3,23,869.6,24,8.9,24,13.6,24,22,31.1,36, ,19.9, ,0,G,1.2,101000
72572024127,1/28/2021,40.77069,-111.96503,1288.4,"SALT LAKE CITY INTERNATIONAL AIRPORT, UT US",39.4,24,24.5,24,1016.1,24,870.3,24,10,24,16.3,24,22.9,29.9,48.9, ,28, ,0,G,999.9,0
72572024127,1/29/2021,40.77069,-111.96503,1288.4,"SALT LAKE CITY INTERNATIONAL AIRPORT, UT US",45.9,24,22.6,24,1007.2,24,863.6,24,10,24,9.6,24,18.1,22,52, ,35.1, ,0,G,999.9,0
72572024127,1/30/2021,40.77069,-111.96503,1288.4,"SALT LAKE CITY INTERNATIONAL AIRPORT, UT US",37.4,24,28.1,24,1016,22,869.2,24,9.1,24,5.3,24,13,999.9,52, ,32, ,0.38,G,999.9,11000
72572024127,1/31/2021,40.77069,-111.96503,1288.4,"SALT LAKE CITY INTERNATIONAL AIRPORT, UT US",35,24,20.5,24,1028,24,880.2,24,10,24,6.1,24,9.9,999.9,46.9, ,27, ,0.03,G,999.9,0
72572024127,2/1/2021,40.77069,-111.96503,1288.4,"SALT LAKE CITY INTERNATIONAL AIRPORT, UT US",33.9,24,24.8,24,1025.9,24,878.2,24,10,24,3,24,7,999.9,46.9, ,26.1, ,0,G,999.9,0
72572024127,2/2/2021,40.77069,-111.96503,1288.4,"SALT LAKE CITY INTERNATIONAL AIRPORT, UT US",35.8,24,28.3,24,1020.1,24,873.4,24,9.8,24,3.3,24,8.9,999.9,50, ,26.1, ,0,G,999.9,100000
72572024127,2/3/2021,40.77069,-111.96503,1288.4,"SALT LAKE CITY INTERNATIONAL AIRPORT, UT US",42.4,24,31.9,24,1012,22,867.6,24,9.2,24,7.9,24,22.9,32.1,51.1, ,28, ,0,G,999.9,111000
72572024127,2/4/2021,40.77069,-111.96503,1288.4,"SALT LAKE CITY INTERNATIONAL AIRPORT, UT US",33.8,24,23.1,24,1021.2,24,874.3,24,9.9,24,6,24,8.9,999.9,51.1, ,30, ,0.16,G,999.9,1000
72572024127,2/5/2021,40.77069,-111.96503,1288.4,"SALT LAKE CITY INTERNATIONAL AIRPORT, UT US",33.6,24,21.4,24,1020.4,22,872.9,24,8,24,7.7,24,14,21,37.9, ,30.9, ,0,G,999.9,1000
72572024127,2/6/2021,40.77069,-111.96503,1288.4,"SALT LAKE CITY INTERNATIONAL AIRPORT, UT US",36,24,25.8,24,1018,24,871.8,24,9.2,24,6.8,24,14,999.9,48.9, ,28, ,0.1,G,999.9,10000
72572024127,2/7/2021,40.77069,-111.96503,1288.4,"SALT LAKE CITY INTERNATIONAL AIRPORT, UT US",42.8,24,19.6,24,1010.7,24,866.1,24,10,24,7.5,24,15,26,55, ,28, ,0,G,999.9,0
72572024127,2/8/2021,40.77069,-111.96503,1288.4,"SALT LAKE CITY INTERNATIONAL AIRPORT, UT US",44.1,24,16.6,24,1008.4,24,864.5,24,10,24,5.4,24,12,999.9,55, ,30, ,0,G,999.9,0
72572024127,2/9/2021,40.77069,-111.96503,1288.4,"SALT LAKE CITY INTERNATIONAL AIRPORT, UT US",40.8,24,25,24,1012.8,24,867.9,24,10,24,4.3,24,11.1,999.9,53.1, ,30.9, ,0,G,999.9,0
72572024127,2/10/2021,40.77069,-111.96503,1288.4,"SALT LAKE CITY INTERNATIONAL AIRPORT, UT US",44.3,24,31,24,1013.8,24,869.1,24,10,24,4.8,24,11.1,999.9,53.1, ,34, ,0.01,G,999.9,10000
72572024127,2/11/2021,40.77069,-111.96503,1288.4,"SALT LAKE CITY INTERNATIONAL AIRPORT, UT US",43.6,24,27.5,24,1014,24,869.3,24,10,24,3.7,24,8,999.9,52,*,36,*,0,H,999.9,10000
72572024127,2/12/2021,40.77069,-111.96503,1288.4,"SALT LAKE CITY INTERNATIONAL AIRPORT, UT US",44.9,24,34.1,24,1007.1,21,863.5,24,9.6,24,6.5,24,17.1,21,50,*,41,*,0.09,G,999.9,10000
72572024127,2/13/2021,40.77069,-111.96503,1288.4,"SALT LAKE CITY INTERNATIONAL AIRPORT, UT US",39.4,24,33.1,24,1005.7,20,861,24,7.8,24,4.9,24,9.9,999.9,48.9, ,32, ,0.07,G,999.9,111000
72572024127,2/14/2021,40.77069,-111.96503,1288.4,"SALT LAKE CITY INTERNATIONAL AIRPORT, UT US",29.6,24,22.6,24,1011.6,17,863.8,24,7.2,24,8.9,24,22,27,42.1, ,24.1, ,0.48,G,1.2,11000
72572024127,2/15/2021,40.77069,-111.96503,1288.4,"SALT LAKE CITY INTERNATIONAL AIRPORT, UT US",32.5,24,22.8,24,1013,24,866.7,24,9.9,24,9.3,24,20,25.1,36, ,24.1, ,0.03,G,1.2,1000
72572024127,2/16/2021,40.77069,-111.96503,1288.4,"SALT LAKE CITY INTERNATIONAL AIRPORT, UT US",34.3,24,29.9,24,1006.7,14,862.1,24,7.2,24,7.2,24,18.1,28.9,37.9, ,30.9, ,0.09,G,1.2,11010
72572024127,2/17/2021,40.77069,-111.96503,1288.4,"SALT LAKE CITY INTERNATIONAL AIRPORT, UT US",29.8,24,27,24,1015.1,11,868.1,24,4.7,24,8.4,24,18.1,999.9,37.9, ,26.1, ,0.4,G,7.1,101000
72572024127,2/18/2021,40.77069,-111.96503,1288.4,"SALT LAKE CITY INTERNATIONAL AIRPORT, UT US",27,24,17.9,24,1027.2,24,878,24,9.9,24,4.8,24,8,999.9,36, ,19, ,0.23,G,5.1,1000
72572024127,2/19/2021,40.77069,-111.96503,1288.4,"SALT LAKE CITY INTERNATIONAL AIRPORT, UT US",33.5,24,18.2,24,1025.6,24,877.4,24,9.9,24,6.3,24,11.1,999.9,43,*,28.9,*,0,G,2,1000
72572024127,2/20/2021,40.77069,-111.96503,1288.4,"SALT LAKE CITY INTERNATIONAL AIRPORT, UT US",39.4,24,28,24,1015,20,869.2,24,10,24,7.4,24,17.1,22.9,43,*,35.6,*,0.02,G,3.9,11000
72572024127,2/21/2021,40.77069,-111.96503,1288.4,"SALT LAKE CITY INTERNATIONAL AIRPORT, UT US",34.7,24,21.2,24,1027.2,24,879.5,24,10,24,7.7,24,14,999.9,41, ,30, ,0,I,1.2,0
72572024127,2/22/2021,40.77069,-111.96503,1288.4,"SALT LAKE CITY INTERNATIONAL AIRPORT, UT US",37.7,24,20.8,24,1032,24,883.7,24,10,24,5.5,24,9.9,999.9,48.9, ,30, ,0,G,999.9,0
72572024127,2/23/2021,40.77069,-111.96503,1288.4,"SALT LAKE CITY INTERNATIONAL AIRPORT, UT US",40.6,24,23.9,24,1022.2,24,875.8,24,10,24,8.1,24,15,999.9,48.9, ,32, ,0,G,999.9,0
72572024127,2/24/2021,40.77069,-111.96503,1288.4,"SALT LAKE CITY INTERNATIONAL AIRPORT, UT US",32.3,24,19.2,24,1021.3,22,874.3,24,9,24,6,24,12,999.9,46.9, ,24.1, ,0,G,1.2,1000
72572024127,2/25/2021,40.77069,-111.96503,1288.4,"SALT LAKE CITY INTERNATIONAL AIRPORT, UT US",30.3,24,14.6,24,1028.3,24,879.5,24,10,24,5,24,14,999.9,39, ,21.9, ,0.04,G,999.9,0
72572024127,2/26/2021,40.77069,-111.96503,1288.4,"SALT LAKE CITY INTERNATIONAL AIRPORT, UT US",35.7,24,12.9,24,1016.6,24,870.2,24,10,24,4.8,24,17.1,28,44.1, ,21.9, ,0,G,999.9,0
72572024127,2/27/2021,40.77069,-111.96503,1288.4,"SALT LAKE CITY INTERNATIONAL AIRPORT, UT US",31.4,24,17.9,24,1012.1,19,866.6,24,8.6,24,9.4,24,26,33,44.1, ,26.1, ,0.01,G,999.9,101000
72572024127,2/28/2021,40.77069,-111.96503,1288.4,"SALT LAKE CITY INTERNATIONAL AIRPORT, UT US",28.7,24,18.7,24,1023.9,19,876.1,24,9.7,24,4.6,24,8,15,37, ,24.1, ,0.02,G,999.9,1000
72572024127,3/1/2021,40.77069,-111.96503,1288.4,"SALT LAKE CITY INTERNATIONAL AIRPORT, UT US",31.8,24,13.7,24,1030.3,24,881.3,24,10,24,4.9,24,7,999.9,46.9, ,24.1, ,0,G,999.9,0
72572024127,3/2/2021,40.77069,-111.96503,1288.4,"SALT LAKE CITY INTERNATIONAL AIRPORT, UT US",38.4,24,22,24,1022.4,24,875.5,24,10,24,4,24,8.9,999.9,55.9, ,24.1, ,0,G,999.9,0
72572024127,3/3/2021,40.77069,-111.96503,1288.4,"SALT LAKE CITY INTERNATIONAL AIRPORT, UT US",43.4,24,23.8,24,1014.4,24,869.4,24,9.5,24,4.8,24,8.9,999.9,63, ,26.1, ,0,G,999.9,0
72572024127,3/4/2021,40.77069,-111.96503,1288.4,"SALT LAKE CITY INTERNATIONAL AIRPORT, UT US",47.7,24,29.1,24,1012.9,24,868.9,24,10,24,5.7,24,15.9,24.1,63, ,32, ,0,G,999.9,0
72572024127,3/5/2021,40.77069,-111.96503,1288.4,"SALT LAKE CITY INTERNATIONAL AIRPORT, UT US",46.7,24,27.1,24,1025.6,24,879.6,24,10,24,5.5,24,8.9,999.9,62.1, ,34, ,0,G,999.9,0
72572024127,3/6/2021,40.77069,-111.96503,1288.4,"SALT LAKE CITY INTERNATIONAL AIRPORT, UT US",54.5,24,21.9,24,1013.4,24,869.8,24,10,24,12.3,24,24.1,35.9,70, ,34, ,0,G,999.9,0
72572024127,3/7/2021,40.77069,-111.96503,1288.4,"SALT LAKE CITY INTERNATIONAL AIRPORT, UT US",46.6,24,26.8,24,1015.3,24,871.1,24,10,24,5.7,24,18.1,999.9,70, ,34, ,0,G,999.9,0
72572024127,3/8/2021,40.77069,-111.96503,1288.4,"SALT LAKE CITY INTERNATIONAL AIRPORT, UT US",54.3,24,25.2,24,1010.8,24,867.6,24,10,24,9.1,24,22.9,34,70, ,34, ,0,G,999.9,0
72572024127,3/9/2021,40.77069,-111.96503,1288.4,"SALT LAKE CITY INTERNATIONAL AIRPORT, UT US",47.6,24,22.7,24,1011.2,24,867.8,24,9.9,24,11.5,24,18.1,27,70, ,37.9, ,0,G,999.9,0
72572024127,3/10/2021,40.77069,-111.96503,1288.4,"SALT LAKE CITY INTERNATIONAL AIRPORT, UT US",39.7,24,22.9,24,1010.6,24,866,24,9.9,24,7.1,24,15.9,21,48.9, ,34, ,0,G,999.9,1000
72572024127,3/11/2021,40.77069,-111.96503,1288.4,"SALT LAKE CITY INTERNATIONAL AIRPORT, UT US",40.2,24,23.2,24,1011.8,23,867.1,24,9.6,24,6.9,24,13,999.9,48.9, ,34, ,0,G,999.9,1000
72572024127,3/12/2021,40.77069,-111.96503,1288.4,"SALT LAKE CITY INTERNATIONAL AIRPORT, UT US",37.2,24,24.2,24,1018,24,871.7,24,10,24,4.8,24,15,22,57, ,25, ,0,G,999.9,0
72572024127,3/13/2021,40.77069,-111.96503,1288.4,"SALT LAKE CITY INTERNATIONAL AIRPORT, UT US",41.5,24,28.9,24,1014.8,21,869.7,24,10,24,6.3,24,12,999.9,52, ,25, ,0,G,999.9,10000
72572024127,3/14/2021,40.77069,-111.96503,1288.4,"SALT LAKE CITY INTERNATIONAL AIRPORT, UT US",43.1,24,28.1,24,1014.7,24,869.5,24,10,24,6,24,14,999.9,57, ,36, ,0.01,G,999.9,0
72572024127,3/15/2021,40.77069,-111.96503,1288.4,"SALT LAKE CITY INTERNATIONAL AIRPORT, UT US",49.6,24,25.7,24,1006.9,24,863.7,24,10,24,9.9,24,19,25.1,62.1, ,36, ,0,G,999.9,0
72572024127,3/16/2021,40.77069,-111.96503,1288.4,"SALT LAKE CITY INTERNATIONAL AIRPORT, UT US",49.6,24,33.3,24,1004.5,22,861.8,24,10,24,8.4,24,15.9,26,62.1, ,41, ,0.03,G,999.9,10000
72572024127,3/17/2021,40.77069,-111.96503,1288.4,"SALT LAKE CITY INTERNATIONAL AIRPORT, UT US",47.4,24,31.8,24,1014.6,24,870.3,24,10,24,6.2,24,12,999.9,57, ,37.9, ,0,B,999.9,0
72572024127,3/18/2021,40.77069,-111.96503,1288.4,"SALT LAKE CITY INTERNATIONAL AIRPORT, UT US",52.2,24,28.9,24,1017.6,24,873.2,24,10,24,10.6,24,17.1,22,64.9, ,37.9, ,0,G,999.9,0
72572024127,3/19/2021,40.77069,-111.96503,1288.4,"SALT LAKE CITY INTERNATIONAL AIRPORT, UT US",56.8,24,26.8,24,1015.2,22,871.8,24,10,24,11.3,24,19,32.1,71.6,*,46.9,*,0,G,999.9,0
72572024127,3/20/2021,40.77069,-111.96503,1288.4,"SALT LAKE CITY INTERNATIONAL AIRPORT, UT US",53.2,24,30.5,24,1008.8,16,867.5,24,8.1,24,12.1,24,21,36.9,69.1,*,37.9,*,0,G,999.9,10000
72572024127,3/21/2021,40.77069,-111.96503,1288.4,"SALT LAKE CITY INTERNATIONAL AIRPORT, UT US",36.8,24,30.9,24,1018.6,20,872.7,24,8.3,24,7.4,24,17.1,21,42.1,*,30,*,1.06,G,999.9,101000
72572024127,3/22/2021,40.77069,-111.96503,1288.4,"SALT LAKE CITY INTERNATIONAL AIRPORT, UT US",35.8,24,25.1,24,1018.1,24,871.8,24,10,24,5.1,24,12,999.9,45, ,28.9, ,0.04,G,999.9,10000
72572024127,3/23/2021,40.77069,-111.96503,1288.4,"SALT LAKE CITY INTERNATIONAL AIRPORT, UT US",37.3,24,30.3,24,1012.8,21,867.3,24,9.1,24,5.7,24,13,999.9,46.9, ,28.9, ,0.02,G,999.9,110000
72572024127,3/24/2021,40.77069,-111.96503,1288.4,"SALT LAKE CITY INTERNATIONAL AIRPORT, UT US",40,24,23.9,24,1015,24,869.6,24,10,24,8.3,24,14,20,48, ,30, ,0.01,G,999.9,0
72572024127,3/25/2021,40.77069,-111.96503,1288.4,"SALT LAKE CITY INTERNATIONAL AIRPORT, UT US",41.3,24,22.6,24,1004.9,22,860.8,24,9.8,24,7.8,24,17.1,22,48, ,30.9, ,0,G,999.9,10000
72572024127,3/26/2021,40.77069,-111.96503,1288.4,"SALT LAKE CITY INTERNATIONAL AIRPORT, UT US",37.9,24,32.8,24,1010.5,19,864.2,24,8.3,24,6.7,24,14,19,48, ,32, ,0.36,G,1.2,11000
72572024127,3/27/2021,40.77069,-111.96503,1288.4,"SALT LAKE CITY INTERNATIONAL AIRPORT, UT US",42.8,24,28.5,24,1023.4,24,877,24,10,24,4.8,24,12,999.9,54, ,32, ,0.02,G,1.2,10000
72572024127,3/28/2021,40.77069,-111.96503,1288.4,"SALT LAKE CITY INTERNATIONAL AIRPORT, UT US",49.2,24,28.2,24,1026,24,880,24,10,24,9,24,15.9,22.9,66.9, ,32, ,0,G,999.9,0
72572024127,3/29/2021,40.77069,-111.96503,1288.4,"SALT LAKE CITY INTERNATIONAL AIRPORT, UT US",52.2,24,19.6,24,1012.2,24,868.8,24,9.6,24,15.4,24,24.1,35,66.9, ,39, ,0,G,999.9,10000
72572024127,3/30/2021,40.77069,-111.96503,1288.4,"SALT LAKE CITY INTERNATIONAL AIRPORT, UT US",34.5,24,10.8,24,1020.8,24,874.3,24,10,24,6.3,24,11.1,15,57, ,26.1, ,0,G,999.9,0
72572024127,3/31/2021,40.77069,-111.96503,1288.4,"SALT LAKE CITY INTERNATIONAL AIRPORT, UT US",39.2,24,13.7,24,1030.1,24,882.4,24,10,24,5.8,24,8.9,999.9,54, ,26.1, ,0,G,999.9,0
72572024127,4/1/2021,40.77069,-111.96503,1288.4,"SALT LAKE CITY INTERNATIONAL AIRPORT, UT US",46.7,24,19.7,24,1025,24,878.8,24,10,24,4.9,24,8,999.9,66, ,30, ,0,G,999.9,0
72572024127,4/2/2021,40.77069,-111.96503,1288.4,"SALT LAKE CITY INTERNATIONAL AIRPORT, UT US",54.7,24,22.8,24,1015.4,23,871.6,24,10,24,4.8,24,9.9,999.9,75, ,33.1, ,0,G,999.9,0
72572024127,4/3/2021,40.77069,-111.96503,1288.4,"SALT LAKE CITY INTERNATIONAL AIRPORT, UT US",61,24,25.9,24,1016,24,873,24,10,24,5.3,24,12,999.9,79, ,39, ,0,G,999.9,0
72572024127,4/4/2021,40.77069,-111.96503,1288.4,"SALT LAKE CITY INTERNATIONAL AIRPORT, UT US",65.5,24,29,24,1013.2,24,871.2,24,10,24,6,24,12,999.9,79, ,46, ,0,G,999.9,0
72572024127,4/5/2021,40.77069,-111.96503,1288.4,"SALT LAKE CITY INTERNATIONAL AIRPORT, UT US",63.3,24,24.5,24,1005,24,864.1,24,9.9,24,7.3,24,29.9,38.1,79, ,52, ,0,G,999.9,0
72572024127,4/6/2021,40.77069,-111.96503,1288.4,"SALT LAKE CITY INTERNATIONAL AIRPORT, UT US",42.8,24,31.3,24,1012.3,17,867.9,24,7.6,24,11.1,24,27,34,62.1,*,34,*,0.05,G,999.9,11000
72572024127,4/7/2021,40.77069,-111.96503,1288.4,"SALT LAKE CITY INTERNATIONAL AIRPORT, UT US",47.2,24,26.3,24,1019.8,24,874.2,24,10,24,5.6,24,8.9,999.9,64, ,34, ,0.09,G,999.9,0
72572024127,4/8/2021,40.77069,-111.96503,1288.4,"SALT LAKE CITY INTERNATIONAL AIRPORT, UT US",54.3,24,25.5,24,1011.9,24,868.7,24,10,24,6.3,24,15.9,22.9,64.9, ,36, ,0,G,999.9,0
72572024127,4/9/2021,40.77069,-111.96503,1288.4,"SALT LAKE CITY INTERNATIONAL AIRPORT, UT US",47,24,17.9,24,1018,24,873.4,24,10,24,8.2,24,15,20,64.9, ,34, ,0,G,999.9,0
72572024127,4/10/2021,40.77069,-111.96503,1288.4,"SALT LAKE CITY INTERNATIONAL AIRPORT, UT US",51.7,24,15.4,24,1014,24,870,24,10,24,6.3,24,17.1,18.1,69.1, ,34, ,0,G,999.9,0
72572024127,4/11/2021,40.77069,-111.96503,1288.4,"SALT LAKE CITY INTERNATIONAL AIRPORT, UT US",50.4,24,19.1,24,1010.7,24,867.6,24,10,24,7.8,24,15.9,17.1,69.1, ,39, ,0,G,999.9,0
72572024127,4/12/2021,40.77069,-111.96503,1288.4,"SALT LAKE CITY INTERNATIONAL AIRPORT, UT US",44,24,14.9,24,1015.1,24,870.3,24,10,24,6.4,24,13,17.1,55, ,32, ,0,G,999.9,0
72572024127,4/13/2021,40.77069,-111.96503,1288.4,"SALT LAKE CITY INTERNATIONAL AIRPORT, UT US",47.3,24,16,24,1011.3,24,867.3,24,10,24,7.3,24,26,34,57, ,32, ,0,G,999.9,0
72572024127,4/14/2021,40.77069,-111.96503,1288.4,"SALT LAKE CITY INTERNATIONAL AIRPORT, UT US",45.3,24,31.5,24,1005.8,19,863,24,9.2,24,11.4,24,26,34,57, ,36, ,0.03,G,999.9,10000
72572024127,4/15/2021,40.77069,-111.96503,1288.4,"SALT LAKE CITY INTERNATIONAL AIRPORT, UT US",41.2,24,35.1,24,1012.5,21,867.7,24,9.1,24,4.5,24,9.9,999.9,50, ,34, ,0.28,G,999.9,11000
72572024127,4/16/2021,40.77069,-111.96503,1288.4,"SALT LAKE CITY INTERNATIONAL AIRPORT, UT US",41.7,24,34.4,24,1017.4,20,871.8,24,9.7,24,5.3,24,15.9,999.9,52, ,34, ,0.52,G,999.9,10000
72572024127,4/17/2021,40.77069,-111.96503,1288.4,"SALT LAKE CITY INTERNATIONAL AIRPORT, UT US",47.2,24,20.7,24,1020.3,24,874.8,24,10,24,8.8,24,17.1,25.1,57, ,36, ,0.02,G,999.9,0
72572024127,4/18/2021,40.77069,-111.96503,1288.4,"SALT LAKE CITY INTERNATIONAL AIRPORT, UT US",49,24,26.2,24,1022,24,876.7,24,10,24,5.8,24,17.1,999.9,64, ,37, ,0,G,999.9,0
72572024127,4/19/2021,40.77069,-111.96503,1288.4,"SALT LAKE CITY INTERNATIONAL AIRPORT, UT US",55.1,24,24.5,24,1014.2,24,870.7,24,9.8,24,10.2,24,34,42,66, ,37, ,0,G,999.9,0
72572024127,4/20/2021,40.77069,-111.96503,1288.4,"SALT LAKE CITY INTERNATIONAL AIRPORT, UT US",45.5,24,22.8,24,1017.4,24,872.8,24,10,24,7.4,24,27,999.9,66, ,33.1, ,0,G,999.9,0
72572024127,4/21/2021,40.77069,-111.96503,1288.4,"SALT LAKE CITY INTERNATIONAL AIRPORT, UT US",50.9,24,24.2,24,1010.9,24,867.4,24,10,24,6.9,24,15,999.9,59, ,33.1, ,0,G,999.9,0
72572024127,4/22/2021,40.77069,-111.96503,1288.4,"SALT LAKE CITY INTERNATIONAL AIRPORT, UT US",51.2,24,26.2,24,1006.8,24,864,24,10,24,4.7,24,11.1,999.9,64, ,37, ,0,G,999.9,0
72572024127,4/23/2021,40.77069,-111.96503,1288.4,"SALT LAKE CITY INTERNATIONAL AIRPORT, UT US",55.2,24,19.6,24,1006.8,24,863.4,17,10,24,7.3,24,33,35,64.9, ,37, ,0,G,999.9,10000
72572024127,4/24/2021,40.77069,-111.96503,1288.4,"SALT LAKE CITY INTERNATIONAL AIRPORT, UT US",57.2,24,21.9,24,1007.3,24,864.2,18,10,24,8.6,24,15,20,69.1, ,46.9, ,0,G,999.9,0
72572024127,4/25/2021,40.77069,-111.96503,1288.4,"SALT LAKE CITY INTERNATIONAL AIRPORT, UT US",56.8,24,33.9,24,1002.4,24,861.1,24,10,24,6.8,24,15,21,69.1, ,48.9, ,0,G,999.9,0
72572024127,4/26/2021,40.77069,-111.96503,1288.4,"SALT LAKE CITY INTERNATIONAL AIRPORT, UT US",45.9,24,39.4,24,1001.6,14,860.1,24,7.7,24,8,24,13,999.9,62.1, ,39, ,0.06,G,999.9,10000
72572024127,4/27/2021,40.77069,-111.96503,1288.4,"SALT LAKE CITY INTERNATIONAL AIRPORT, UT US",43.3,24,36.7,24,1010.3,24,865.7,24,9.7,24,7.4,24,15.9,999.9,54, ,37, ,0.74,G,999.9,110000
72572024127,4/28/2021,40.77069,-111.96503,1288.4,"SALT LAKE CITY INTERNATIONAL AIRPORT, UT US",51.2,24,37,24,1018.5,24,873.9,24,10,24,8.1,24,15,18.1,64, ,37, ,0,G,999.9,100000
72572024127,4/29/2021,40.77069,-111.96503,1288.4,"SALT LAKE CITY INTERNATIONAL AIRPORT, UT US",57.5,24,34,24,1023.9,24,879.3,24,10,24,5.3,24,14,15.9,73, ,39.9, ,0,G,999.9,0
72572024127,4/30/2021,40.77069,-111.96503,1288.4,"SALT LAKE CITY INTERNATIONAL AIRPORT, UT US",65.3,24,35.5,24,1021.4,24,878.1,24,10,24,5.7,24,9.9,999.9,84, ,43, ,0,G,999.9,0
72572024127,5/1/2021,40.77069,-111.96503,1288.4,"SALT LAKE CITY INTERNATIONAL AIRPORT, UT US",72,24,36.5,24,1007.4,24,867,24,10,24,7.7,24,15.9,999.9,84, ,50, ,0,G,999.9,0
72572024127,5/2/2021,40.77069,-111.96503,1288.4,"SALT LAKE CITY INTERNATIONAL AIRPORT, UT US",61.9,24,36.2,24,1003.9,24,863.3,24,10,24,8.8,24,18.1,22.9,82, ,50, ,0,G,999.9,0
72572024127,5/3/2021,40.77069,-111.96503,1288.4,"SALT LAKE CITY INTERNATIONAL AIRPORT, UT US",56.5,24,36.7,24,1009.3,24,866.9,24,10,24,9.5,24,15.9,35,64.9, ,48.9, ,0,G,999.9,0
72572024127,5/4/2021,40.77069,-111.96503,1288.4,"SALT LAKE CITY INTERNATIONAL AIRPORT, UT US",57.6,24,31.7,24,1014.4,24,871.3,24,9.9,24,7.3,24,14,20,69.1, ,46.9, ,0,G,999.9,0
72572024127,5/5/2021,40.77069,-111.96503,1288.4,"SALT LAKE CITY INTERNATIONAL AIRPORT, UT US",59.7,24,31.8,24,1017.8,24,874.6,24,10,24,4.8,24,11.1,999.9,72, ,46.9, ,0,G,999.9,0
72572024127,5/6/2021,40.77069,-111.96503,1288.4,"SALT LAKE CITY INTERNATIONAL AIRPORT, UT US",65.3,24,27.3,24,1017.5,24,874.7,24,10,24,5.3,24,8.9,999.9,87.1, ,48, ,0,G,999.9,0
72572024127,5/7/2021,40.77069,-111.96503,1288.4,"SALT LAKE CITY INTERNATIONAL AIRPORT, UT US",74.9,24,27.2,24,1006.3,24,866.3,24,10,24,10,24,21,28,86,*,66,*,0,G,999.9,0
72572024127,5/8/2021,40.77069,-111.96503,1288.4,"SALT LAKE CITY INTERNATIONAL AIRPORT, UT US",55.8,24,29.7,24,1013.1,24,870.8,24,9.7,24,11.9,24,27,35,75.9,*,46.9,*,0.01,G,999.9,10000
72572024127,5/9/2021,40.77069,-111.96503,1288.4,"SALT LAKE CITY INTERNATIONAL AIRPORT, UT US",51.9,24,18.4,24,1016.4,24,872.3,24,10,24,5.5,24,12,999.9,61, ,41, ,0,G,999.9,0
72572024127,5/10/2021,40.77069,-111.96503,1288.4,"SALT LAKE CITY INTERNATIONAL AIRPORT, UT US",53,24,28.4,24,1014.3,24,870.7,24,9.8,24,5,24,12,17.1,61, ,41, ,0.06,G,999.9,10000
72572024127,5/11/2021,40.77069,-111.96503,1288.4,"SALT LAKE CITY INTERNATIONAL AIRPORT, UT US",52.5,24,30.7,24,1017.7,24,873.5,24,10,24,5.6,24,14,15,64, ,41, ,0.01,G,999.9,0
72572024127,5/12/2021,40.77069,-111.96503,1288.4,"SALT LAKE CITY INTERNATIONAL AIRPORT, UT US",58.1,24,24.2,24,1019.1,24,875.2,24,10,24,5.3,24,9.9,999.9,75, ,41, ,0,G,999.9,0
72572024127,5/13/2021,40.77069,-111.96503,1288.4,"SALT LAKE CITY INTERNATIONAL AIRPORT, UT US",66.9,24,25.1,24,1015.4,24,873.1,24,10,24,6.9,24,12,17.1,84, ,45, ,0,G,999.9,0
72572024127,5/14/2021,40.77069,-111.96503,1288.4,"SALT LAKE CITY INTERNATIONAL AIRPORT, UT US",73,24,30.1,24,1010,24,869.3,24,10,24,6.2,24,13,19,84.9, ,52, ,0,G,999.9,0
72572024127,5/15/2021,40.77069,-111.96503,1288.4,"SALT LAKE CITY INTERNATIONAL AIRPORT, UT US",71.7,24,38.6,24,1005.3,24,865.4,24,9.9,24,7.1,24,17.1,22.9,84.9, ,59, ,0,G,999.9,0
72572024127,5/16/2021,40.77069,-111.96503,1288.4,"SALT LAKE CITY INTERNATIONAL AIRPORT, UT US",68.7,24,42.5,24,1004,22,864,24,10,24,7.4,24,19,25.1,82, ,55, ,0,G,999.9,10010
72572024127,5/17/2021,40.77069,-111.96503,1288.4,"SALT LAKE CITY INTERNATIONAL AIRPORT, UT US",62.1,24,44.1,24,1009.1,24,867.6,24,10,24,6.5,24,19,22.9,78.1, ,50, ,0,G,999.9,10010
72572024127,5/18/2021,40.77069,-111.96503,1288.4,"SALT LAKE CITY INTERNATIONAL AIRPORT, UT US",67.5,24,39.3,24,1008.8,24,867.6,24,10,24,6.4,24,11.1,18.1,82, ,50, ,0,G,999.9,0
72572024127,5/19/2021,40.77069,-111.96503,1288.4,"SALT LAKE CITY INTERNATIONAL AIRPORT, UT US",71.7,24,34.8,24,1003.4,24,863.6,24,10,24,6.7,24,9.9,999.9,84.9, ,57, ,0,G,999.9,10010
72572024127,5/20/2021,40.77069,-111.96503,1288.4,"SALT LAKE CITY INTERNATIONAL AIRPORT, UT US",69,24,32.5,24,996.7,24,857.8,24,10,24,10.9,24,18.1,25.1,82,*,55,*,0,G,999.9,0
72572024127,5/21/2021,40.77069,-111.96503,1288.4,"SALT LAKE CITY INTERNATIONAL AIRPORT, UT US",58.1,24,34.1,24,1000.7,23,859.8,24,9.7,24,7.6,24,19,26,73.9, ,48.9, ,0,G,999.9,10010
72572024127,5/22/2021,40.77069,-111.96503,1288.4,"SALT LAKE CITY INTERNATIONAL AIRPORT, UT US",56,24,23,24,1009.5,24,866.9,24,9.9,24,10,24,18.1,24.1,69.1, ,43, ,0.06,G,999.9,10000
72572024127,5/23/2021,40.77069,-111.96503,1288.4,"SALT LAKE CITY INTERNATIONAL AIRPORT, UT US",55.5,24,30.4,24,1011.7,23,868.8,24,9.4,24,11.5,24,20,28,69.1, ,43, ,0.41,G,999.9,10000
72572024127,5/24/2021,40.77069,-111.96503,1288.4,"SALT LAKE CITY INTERNATIONAL AIRPORT, UT US",52.8,24,37.5,24,1019.1,23,874.6,24,10,24,6.6,24,12,999.9,69.1, ,43, ,0.1,G,999.9,10010
72572024127,5/25/2021,40.77069,-111.96503,1288.4,"SALT LAKE CITY INTERNATIONAL AIRPORT, UT US",62.2,24,34,24,1015.5,24,872.6,24,10,24,6.1,24,13,19,75.9, ,45, ,0,G,999.9,0
72572024127,5/26/2021,40.77069,-111.96503,1288.4,"SALT LAKE CITY INTERNATIONAL AIRPORT, UT US",65.1,24,36.5,24,1012.8,24,871,24,10,24,7.5,24,14,25.1,77, ,50, ,0,G,999.9,0
72572024127,5/27/2021,40.77069,-111.96503,1288.4,"SALT LAKE CITY INTERNATIONAL AIRPORT, UT US",63.7,24,24.5,24,1016,24,873.5,24,10,24,4.2,24,12,999.9,82, ,48.9, ,0,G,999.9,0
72572024127,5/28/2021,40.77069,-111.96503,1288.4,"SALT LAKE CITY INTERNATIONAL AIRPORT, UT US",71.1,24,30.6,24,1011.4,24,870.3,24,10,24,6.8,24,14,17.1,82.9, ,48.9, ,0,G,999.9,0
72572024127,5/29/2021,40.77069,-111.96503,1288.4,"SALT LAKE CITY INTERNATIONAL AIRPORT, UT US",67.6,24,28.6,24,1011.9,24,870.6,24,10,24,7.3,24,12,18.1,82.9, ,55.9, ,0,G,999.9,0
72572024127,5/30/2021,40.77069,-111.96503,1288.4,"SALT LAKE CITY INTERNATIONAL AIRPORT, UT US",68.1,24,32.3,24,1011.9,24,870.4,24,10,24,6.1,24,14,22.9,81, ,55, ,0,G,999.9,0
72572024127,5/31/2021,40.77069,-111.96503,1288.4,"SALT LAKE CITY INTERNATIONAL AIRPORT, UT US",71.5,24,36.5,24,1013.5,24,872.2,24,10,24,5.7,24,13,19,84.9, ,55, ,0,G,999.9,0
72572024127,6/1/2021,40.77069,-111.96503,1288.4,"SALT LAKE CITY INTERNATIONAL AIRPORT, UT US",74.1,24,34.9,24,1014.6,24,873.4,24,10,24,5.1,24,11.1,18.1,88, ,55.9, ,0,G,999.9,0
72572024127,6/2/2021,40.77069,-111.96503,1288.4,"SALT LAKE CITY INTERNATIONAL AIRPORT, UT US",76.7,24,34.8,24,1010.9,24,870.6,24,10,24,5.5,24,11.1,15.9,91, ,59, ,0,G,999.9,0
72572024127,6/3/2021,40.77069,-111.96503,1288.4,"SALT LAKE CITY INTERNATIONAL AIRPORT, UT US",80.4,24,40.7,24,1008.5,24,868.9,24,10,24,4.5,24,9.9,999.9,97, ,62.1, ,0,G,999.9,0
72572024127,6/4/2021,40.77069,-111.96503,1288.4,"SALT LAKE CITY INTERNATIONAL AIRPORT, UT US",84.5,24,40.5,24,1006.6,24,867.7,24,10,24,5.8,24,9.9,999.9,100, ,64.9, ,0,G,999.9,0
72572024127,6/5/2021,40.77069,-111.96503,1288.4,"SALT LAKE CITY INTERNATIONAL AIRPORT, UT US",84.7,24,45,24,1005.6,24,866.9,24,10,24,6.3,24,15,21,100, ,68, ,0,G,999.9,0
72572024127,6/6/2021,40.77069,-111.96503,1288.4,"SALT LAKE CITY INTERNATIONAL AIRPORT, UT US",78.8,24,36.8,24,1003.2,24,864.6,24,9.9,24,6.3,24,15,999.9,97, ,66, ,0,G,999.9,10000
72572024127,6/7/2021,40.77069,-111.96503,1288.4,"SALT LAKE CITY INTERNATIONAL AIRPORT, UT US",81.5,24,36.1,24,1000.4,24,862.1,24,10,24,7.9,24,18.1,26,93.9, ,64, ,0,G,999.9,0
72572024127,6/8/2021,40.77069,-111.96503,1288.4,"SALT LAKE CITY INTERNATIONAL AIRPORT, UT US",83.3,24,26.2,24,1001.7,24,863.3,24,10,24,14.7,24,19,29.9,93.9, ,64, ,0,G,999.9,0
72572024127,6/9/2021,40.77069,-111.96503,1288.4,"SALT LAKE CITY INTERNATIONAL AIRPORT, UT US",81.1,24,22.3,24,1007.2,24,868,24,10,24,15.1,24,22.9,28.9,91, ,57.9, ,0,G,999.9,0
72572024127,6/10/2021,40.77069,-111.96503,1288.4,"SALT LAKE CITY INTERNATIONAL AIRPORT, UT US",74.8,24,26.3,24,1007.4,24,867.8,24,9.9,24,16.7,24,22,31.1,91, ,63, ,0,G,999.9,0
72572024127,6/11/2021,40.77069,-111.96503,1288.4,"SALT LAKE CITY INTERNATIONAL AIRPORT, UT US",60.3,24,28.8,24,1017.7,24,874.6,24,10,24,7.1,24,17.1,21,81, ,46, ,0,G,999.9,0
72572024127,6/12/2021,40.77069,-111.96503,1288.4,"SALT LAKE CITY INTERNATIONAL AIRPORT, UT US",72.1,24,28.6,24,1012.5,24,871.1,24,10,24,5.5,24,12,17.1,91, ,46, ,0,G,999.9,0
72572024127,6/13/2021,40.77069,-111.96503,1288.4,"SALT LAKE CITY INTERNATIONAL AIRPORT, UT US",80.5,24,29.5,24,1009.8,24,869.8,24,10,24,6.9,24,15.9,22.9,102, ,55, ,0,G,999.9,0
72572024127,6/14/2021,40.77069,-111.96503,1288.4,"SALT LAKE CITY INTERNATIONAL AIRPORT, UT US",87.1,24,25.1,24,1008.7,24,869.7,24,10,24,9.9,24,18.1,26,102.9, ,61, ,0,G,999.9,0
72572024127,6/15/2021,40.77069,-111.96503,1288.4,"SALT LAKE CITY INTERNATIONAL AIRPORT, UT US",91.1,24,23.5,24,1009.1,23,870.4,24,10,24,10.7,24,24.1,32.1,107.1, ,71.1, ,0,G,999.9,0
72572024127,6/16/2021,40.77069,-111.96503,1288.4,"SALT LAKE CITY INTERNATIONAL AIRPORT, UT US",86.2,24,38.7,24,1012.1,24,872.7,24,10,24,7.3,24,17.1,25.1,107.1, ,71.1, ,0,G,999.9,0
72572024127,6/17/2021,40.77069,-111.96503,1288.4,"SALT LAKE CITY INTERNATIONAL AIRPORT, UT US",83.3,24,43,24,1011.3,24,871.7,24,10,24,4.9,24,8.9,999.9,97, ,69.1, ,0,G,999.9,0
72572024127,6/18/2021,40.77069,-111.96503,1288.4,"SALT LAKE CITY INTERNATIONAL AIRPORT, UT US",84.6,24,40.9,24,1008.5,24,869.4,24,10,24,4.3,24,11.1,999.9,100.9, ,68, ,0,G,999.9,0
72572024127,6/19/2021,40.77069,-111.96503,1288.4,"SALT LAKE CITY INTERNATIONAL AIRPORT, UT US",91,24,39.1,24,1005.3,24,867.1,24,10,24,6.1,24,17.1,21,100.9, ,68, ,0,G,999.9,0
72572024127,6/20/2021,40.77069,-111.96503,1288.4,"SALT LAKE CITY INTERNATIONAL AIRPORT, UT US",84.6,24,36,24,1005.3,24,866.9,24,10,24,7,24,14,24.1,100, ,70, ,0,G,999.9,0
72572024127,6/21/2021,40.77069,-111.96503,1288.4,"SALT LAKE CITY INTERNATIONAL AIRPORT, UT US",80.8,24,37.4,24,1009.3,24,869.8,24,10,24,5.7,24,18.1,24.1,96.1, ,64, ,0,G,999.9,0
72572024127,6/22/2021,40.77069,-111.96503,1288.4,"SALT LAKE CITY INTERNATIONAL AIRPORT, UT US",85.8,24,32.9,24,1006,24,867.2,24,10,24,9.4,24,19,27,100, ,64, ,0,G,999.9,0
72572024127,6/23/2021,40.77069,-111.96503,1288.4,"SALT LAKE CITY INTERNATIONAL AIRPORT, UT US",86.3,24,26.4,24,1005.4,24,866.9,24,9.8,24,6.9,24,15.9,19,100, ,72, ,0,G,999.9,0
72572024127,6/24/2021,40.77069,-111.96503,1288.4,"SALT LAKE CITY INTERNATIONAL AIRPORT, UT US",78,24,46.5,24,1010.2,24,870.5,24,9.9,24,9,24,20,27,95, ,64, ,0,G,999.9,10010
72572024127,6/25/2021,40.77069,-111.96503,1288.4,"SALT LAKE CITY INTERNATIONAL AIRPORT, UT US",72,24,51.5,24,1012,24,870.9,24,10,24,4.9,24,11.1,18.1,87.1, ,64, ,0.1,G,999.9,0
72572024127,6/26/2021,40.77069,-111.96503,1288.4,"SALT LAKE CITY INTERNATIONAL AIRPORT, UT US",76.7,24,45.5,24,1011.5,24,871.1,24,10,24,5.6,24,15.9,20,89.1, ,63, ,0,G,999.9,0
72572024127,6/27/2021,40.77069,-111.96503,1288.4,"SALT LAKE CITY INTERNATIONAL AIRPORT, UT US",80.6,24,44.5,24,1012.7,24,872.5,24,10,24,9.1,24,15.9,20,91, ,63, ,0,G,999.9,0
72572024127,6/28/2021,40.77069,-111.96503,1288.4,"SALT LAKE CITY INTERNATIONAL AIRPORT, UT US",82.3,24,43.3,24,1012.2,24,872.4,24,10,24,9.5,24,15.9,22,93, ,70, ,0,G,999.9,0
72572024127,6/29/2021,40.77069,-111.96503,1288.4,"SALT LAKE CITY INTERNATIONAL AIRPORT, UT US",83.3,24,37.3,24,1010.7,24,871.1,24,10,24,8.1,24,14,15.9,95, ,71.1, ,0,G,999.9,0
72572024127,6/30/2021,40.77069,-111.96503,1288.4,"SALT LAKE CITY INTERNATIONAL AIRPORT, UT US",79.5,24,44.6,24,1011.2,22,871.3,24,10,24,9.3,24,22,28,95, ,72, ,0,G,999.9,10010
72572024127,7/1/2021,40.77069,-111.96503,1288.4,"SALT LAKE CITY INTERNATIONAL AIRPORT, UT US",80.1,24,46.9,24,1010.9,24,870.9,24,10,24,8.4,24,17.1,24.1,93.9, ,69.1, ,0,G,999.9,0
72572024127,7/2/2021,40.77069,-111.96503,1288.4,"SALT LAKE CITY INTERNATIONAL AIRPORT, UT US",83.8,24,46.5,24,1010,24,870.6,24,10,24,6.4,24,18.1,999.9,96.1, ,69.1, ,0,G,999.9,0
72572024127,7/3/2021,40.77069,-111.96503,1288.4,"SALT LAKE CITY INTERNATIONAL AIRPORT, UT US",85.8,24,45.8,24,1009.9,24,870.6,24,10,24,6.3,24,11.1,17.1,100, ,73, ,0,G,999.9,0
72572024127,7/4/2021,40.77069,-111.96503,1288.4,"SALT LAKE CITY INTERNATIONAL AIRPORT, UT US",86.9,24,46.4,24,1008.2,24,869.4,24,10,24,5.4,24,11.1,15.9,100, ,72, ,0,G,999.9,0
72572024127,7/5/2021,40.77069,-111.96503,1288.4,"SALT LAKE CITY INTERNATIONAL AIRPORT, UT US",84.6,24,51.5,24,1011,23,871.6,24,9.8,24,7.8,24,21,35.9,100, ,72, ,0.01,G,999.9,10010
72572024127,7/6/2021,40.77069,-111.96503,1288.4,"SALT LAKE CITY INTERNATIONAL AIRPORT, UT US",85.5,24,46.1,24,1012,24,872.5,24,10,24,5.5,24,15,18.1,99, ,69.1, ,0,G,999.9,0
72572024127,7/7/2021,40.77069,-111.96503,1288.4,"SALT LAKE CITY INTERNATIONAL AIRPORT, UT US",89.1,24,40.2,24,1008.6,24,869.9,24,10,24,6.6,24,12,999.9,104, ,69.1, ,0,G,999.9,0
72572024127,7/8/2021,40.77069,-111.96503,1288.4,"SALT LAKE CITY INTERNATIONAL AIRPORT, UT US",89.6,24,42.4,24,1005.4,24,867.2,24,10,24,4.7,24,8.9,15.9,104, ,75, ,0,G,999.9,0
72572024127,7/9/2021,40.77069,-111.96503,1288.4,"SALT LAKE CITY INTERNATIONAL AIRPORT, UT US",90.1,24,39.3,24,1009,24,870.3,24,9.9,24,6.4,24,14,999.9,102.9, ,73.9, ,0,G,999.9,0
72572024127,7/10/2021,40.77069,-111.96503,1288.4,"SALT LAKE CITY INTERNATIONAL AIRPORT, UT US",84.8,24,32.3,24,1013.8,24,874.1,24,10,24,5.2,24,8.9,999.9,100.9, ,66.9, ,0,G,999.9,0
72572024127,7/11/2021,40.77069,-111.96503,1288.4,"SALT LAKE CITY INTERNATIONAL AIRPORT, UT US",86,24,36.7,24,1012,24,872.5,24,8.2,24,4.9,24,8.9,999.9,104, ,66.9, ,0,G,999.9,0
72572024127,7/12/2021,40.77069,-111.96503,1288.4,"SALT LAKE CITY INTERNATIONAL AIRPORT, UT US",88.2,24,41,24,1008.9,24,870,24,9.6,24,5.2,24,9.9,999.9,104, ,72, ,0,G,999.9,0
72572024127,7/13/2021,40.77069,-111.96503,1288.4,"SALT LAKE CITY INTERNATIONAL AIRPORT, UT US",91.4,24,42.9,24,1006.5,24,868.3,24,10,24,9,24,19,24.1,104, ,73, ,0,G,999.9,0
72572024127,7/14/2021,40.77069,-111.96503,1288.4,"SALT LAKE CITY INTERNATIONAL AIRPORT, UT US",87.5,24,47.2,24,1008.9,24,870,24,10,24,10.6,24,20,33,104, ,78.1, ,0,G,999.9,0
72572024127,7/15/2021,40.77069,-111.96503,1288.4,"SALT LAKE CITY INTERNATIONAL AIRPORT, UT US",85.7,24,46.5,24,1009,24,870,24,9.7,24,8.3,24,14,19,98.1, ,75, ,0,G,999.9,0
72572024127,7/16/2021,40.77069,-111.96503,1288.4,"SALT LAKE CITY INTERNATIONAL AIRPORT, UT US",84.5,24,45.4,24,1009,24,869.9,24,9.7,24,8.7,24,21,33,99, ,73.9, ,0,G,999.9,10010
72572024127,7/17/2021,40.77069,-111.96503,1288.4,"SALT LAKE CITY INTERNATIONAL AIRPORT, UT US",85.7,24,43.7,24,1010.5,23,871.1,24,9.8,24,6.1,24,29.9,41,100, ,73, ,0,G,999.9,10000
72572024127,7/18/2021,40.77069,-111.96503,1288.4,"SALT LAKE CITY INTERNATIONAL AIRPORT, UT US",89.1,24,44.4,24,1011.7,24,872.4,24,10,24,6.8,24,12,14,104, ,73, ,0,G,999.9,0
72572024127,7/19/2021,40.77069,-111.96503,1288.4,"SALT LAKE CITY INTERNATIONAL AIRPORT, UT US",89.4,24,48.1,24,1013.4,24,874.1,24,10,24,8.1,24,18.1,999.9,104, ,75, ,0,G,999.9,10000
72572024127,7/20/2021,40.77069,-111.96503,1288.4,"SALT LAKE CITY INTERNATIONAL AIRPORT, UT US",84.3,24,56.3,24,1014.2,24,874.3,24,10,24,5.5,24,9.9,15.9,97, ,75.9, ,0,G,999.9,10000
72572024127,7/21/2021,40.77069,-111.96503,1288.4,"SALT LAKE CITY INTERNATIONAL AIRPORT, UT US",85.8,24,51.7,24,1010.6,24,871.2,24,10,24,7,24,15,20,99, ,73.9, ,0.01,G,999.9,10000
72572024127,7/22/2021,40.77069,-111.96503,1288.4,"SALT LAKE CITY INTERNATIONAL AIRPORT, UT US",87.3,24,53.3,24,1010.1,24,871,24,10,24,8.5,24,17.1,24.1,99, ,73.9, ,0.05,G,999.9,0
72572024127,7/23/2021,40.77069,-111.96503,1288.4,"SALT LAKE CITY INTERNATIONAL AIRPORT, UT US",81.1,24,57.5,24,1014,22,873.6,24,9.7,24,8.2,24,34,49,99, ,71.1, ,0.33,G,999.9,10010
72572024127,7/24/2021,40.77069,-111.96503,1288.4,"SALT LAKE CITY INTERNATIONAL AIRPORT, UT US",83.3,24,51,24,1013.2,24,873.2,24,9.3,24,4.9,24,14,19,98.1, ,66.9, ,0,G,999.9,0
72572024127,7/25/2021,40.77069,-111.96503,1288.4,"SALT LAKE CITY INTERNATIONAL AIRPORT, UT US",84.7,24,41.3,24,1011,24,871.5,24,8.3,24,5.1,24,11.1,18.1,98.1, ,66.9, ,0,G,999.9,0
72572024127,7/26/2021,40.77069,-111.96503,1288.4,"SALT LAKE CITY INTERNATIONAL AIRPORT, UT US",84.3,24,39,24,1009.7,24,870.4,24,8.2,24,5.8,24,13,999.9,100.9, ,71.1, ,0,G,999.9,0
72572024127,7/27/2021,40.77069,-111.96503,1288.4,"SALT LAKE CITY INTERNATIONAL AIRPORT, UT US",85.5,24,54.4,24,1011.3,24,871.9,24,9.9,24,10.7,24,18.1,28,100.9, ,71.1, ,0,G,999.9,0
72572024127,7/28/2021,40.77069,-111.96503,1288.4,"SALT LAKE CITY INTERNATIONAL AIRPORT, UT US",85.5,24,55.8,24,1013.3,24,873.6,24,10,24,9.3,24,21,27,96.1, ,77, ,0,G,999.9,0
72572024127,7/29/2021,40.77069,-111.96503,1288.4,"SALT LAKE CITY INTERNATIONAL AIRPORT, UT US",80.6,24,58.7,24,1014.8,23,874.5,24,10,24,7.2,24,22.9,28,96.1, ,70, ,0.01,G,999.9,10010
72572024127,7/30/2021,40.77069,-111.96503,1288.4,"SALT LAKE CITY INTERNATIONAL AIRPORT, UT US",79.5,24,57.1,24,1014.2,24,873.9,24,10,24,6.6,24,26,34,93, ,66.9, ,0.07,G,999.9,10010
72572024127,7/31/2021,40.77069,-111.96503,1288.4,"SALT LAKE CITY INTERNATIONAL AIRPORT, UT US",81.9,24,57.8,24,1014.9,24,874.4,24,10,24,4.5,24,15.9,20,96.1, ,66.9, ,0.04,G,999.9,10010
72572024127,8/1/2021,40.77069,-111.96503,1288.4,"SALT LAKE CITY INTERNATIONAL AIRPORT, UT US",80.4,24,56.6,24,1016.3,24,875.9,24,10,24,7.1,24,15.9,21,96.1, ,72, ,0,G,999.9,10000
72572024127,8/2/2021,40.77069,-111.96503,1288.4,"SALT LAKE CITY INTERNATIONAL AIRPORT, UT US",71.5,24,60.5,24,1019.5,24,877.7,24,9.4,24,7.6,24,29.9,42,90, ,64.9, ,0.18,G,999.9,10010
72572024127,8/3/2021,40.77069,-111.96503,1288.4,"SALT LAKE CITY INTERNATIONAL AIRPORT, UT US",74.7,24,56.7,24,1019.1,24,877.2,24,10,24,4.1,24,9.9,19,88, ,63, ,0.35,G,999.9,0
72572024127,8/4/2021,40.77069,-111.96503,1288.4,"SALT LAKE CITY INTERNATIONAL AIRPORT, UT US",79.3,24,50,24,1016.1,24,875.2,24,9.9,24,3.7,24,8.9,999.9,93.9, ,63, ,0,G,999.9,0
72572024127,8/5/2021,40.77069,-111.96503,1288.4,"SALT LAKE CITY INTERNATIONAL AIRPORT, UT US",84.6,24,46.6,24,1011.6,24,871.9,24,10,24,9.4,24,17.1,25.1,100.9, ,66, ,0,G,999.9,0
72572024127,8/6/2021,40.77069,-111.96503,1288.4,"SALT LAKE CITY INTERNATIONAL AIRPORT, UT US",85.8,24,39.2,24,1006.6,23,868.1,24,7.2,24,11.8,24,19,25.1,100.9, ,71.1, ,0,G,999.9,0
72572024127,8/7/2021,40.77069,-111.96503,1288.4,"SALT LAKE CITY INTERNATIONAL AIRPORT, UT US",73,24,43.4,24,1013.9,24,872.9,24,4.5,24,5,24,13,999.9,90, ,62.1, ,0,G,999.9,0
72572024127,8/8/2021,40.77069,-111.96503,1288.4,"SALT LAKE CITY INTERNATIONAL AIRPORT, UT US",79.6,24,39.7,24,1009.1,24,869.2,24,6.4,24,9.1,24,15,20,97, ,62.1, ,0,G,999.9,0
72572024127,8/9/2021,40.77069,-111.96503,1288.4,"SALT LAKE CITY INTERNATIONAL AIRPORT, UT US",80,24,39.7,24,1008.9,24,869.4,24,6.7,24,6.3,24,12,20,97, ,66.9, ,0,G,999.9,0
72572024127,8/10/2021,40.77069,-111.96503,1288.4,"SALT LAKE CITY INTERNATIONAL AIRPORT, UT US",75.9,24,39.3,24,1013.6,24,872.8,24,9.1,24,4.2,24,8.9,999.9,90, ,63, ,0,G,999.9,0
72572024127,8/11/2021,40.77069,-111.96503,1288.4,"SALT LAKE CITY INTERNATIONAL AIRPORT, UT US",77.9,24,33.3,24,1013.7,24,873.1,24,10,24,6.2,24,13,999.9,93, ,63, ,0,G,999.9,0
72572024127,8/12/2021,40.77069,-111.96503,1288.4,"SALT LAKE CITY INTERNATIONAL AIRPORT, UT US",81.3,24,39.2,24,1012.1,24,872.1,24,9.5,24,5.2,24,12,15,97, ,63, ,0,G,999.9,0
72572024127,8/13/2021,40.77069,-111.96503,1288.4,"SALT LAKE CITY INTERNATIONAL AIRPORT, UT US",85.2,24,45.3,24,1012.1,24,872.5,24,10,24,5.3,24,13,999.9,100.9, ,66, ,0,G,999.9,0
72572024127,8/14/2021,40.77069,-111.96503,1288.4,"SALT LAKE CITY INTERNATIONAL AIRPORT, UT US",85.9,24,43.1,24,1013.8,24,874.1,24,10,24,5.9,24,13,15,100.9, ,71.1, ,0,G,999.9,0
72572024127,8/15/2021,40.77069,-111.96503,1288.4,"SALT LAKE CITY INTERNATIONAL AIRPORT, UT US",84.7,24,42.5,24,1013.6,24,873.8,24,8.5,24,5.6,24,9.9,15,100, ,71.1, ,0,G,999.9,0
72572024127,8/16/2021,40.77069,-111.96503,1288.4,"SALT LAKE CITY INTERNATIONAL AIRPORT, UT US",81.6,24,40.8,24,1010.2,24,870.6,24,5.3,24,5.6,24,12,15.9,98.1, ,66.9, ,0,G,999.9,0
72572024127,8/17/2021,40.77069,-111.96503,1288.4,"SALT LAKE CITY INTERNATIONAL AIRPORT, UT US",83.7,24,40.8,24,1003.6,24,865.1,24,7.7,24,8.6,24,28,44.1,98.1, ,66.9, ,0,G,999.9,10010
72572024127,8/18/2021,40.77069,-111.96503,1288.4,"SALT LAKE CITY INTERNATIONAL AIRPORT, UT US",66.5,24,55.5,24,1005,16,865.2,24,6.6,24,13.2,24,26,41,79,*,55,*,0.14,G,999.9,10010
72572024127,8/19/2021,40.77069,-111.96503,1288.4,"SALT LAKE CITY INTERNATIONAL AIRPORT, UT US",55.6,24,38.2,24,1013.4,22,870.3,24,5.3,24,7.9,24,18.1,20,75.9, ,50, ,0.78,G,999.9,10010
72572024127,8/20/2021,40.77069,-111.96503,1288.4,"SALT LAKE CITY INTERNATIONAL AIRPORT, UT US",60.3,24,46.6,24,1015.1,24,872.2,24,9.4,24,6.8,24,18.1,999.9,77, ,50, ,0.33,G,999.9,10000
72572024127,8/21/2021,40.77069,-111.96503,1288.4,"SALT LAKE CITY INTERNATIONAL AIRPORT, UT US",71.3,24,45.7,24,1007.1,24,866.5,24,10,24,11.9,24,24.1,33,87.1, ,53.1, ,0,G,999.9,0
72572024127,8/22/2021,40.77069,-111.96503,1288.4,"SALT LAKE CITY INTERNATIONAL AIRPORT, UT US",66.9,24,52.7,24,1008.8,22,867.7,24,9.2,24,7.7,24,27,40,87.1, ,57, ,0.51,G,999.9,10010
72572024127,8/23/2021,40.77069,-111.96503,1288.4,"SALT LAKE CITY INTERNATIONAL AIRPORT, UT US",77.6,24,45.4,24,1006.5,24,866.8,24,10,24,9.3,24,19,27,91.9, ,57, ,0,G,999.9,0
72572024127,8/24/2021,40.77069,-111.96503,1288.4,"SALT LAKE CITY INTERNATIONAL AIRPORT, UT US",81.1,24,29.6,24,1007.5,24,868.2,24,10,24,12,24,18.1,26,91.9, ,66.9, ,0,G,999.9,0
72572024127,8/25/2021,40.77069,-111.96503,1288.4,"SALT LAKE CITY INTERNATIONAL AIRPORT, UT US",80.4,24,32.2,24,1010.2,24,870.7,24,10,24,10.5,24,15.9,25.1,93.9, ,66.9, ,0,G,999.9,0
72572024127,8/26/2021,40.77069,-111.96503,1288.4,"SALT LAKE CITY INTERNATIONAL AIRPORT, UT US",79.2,24,40.7,24,1010.3,22,870.3,24,9.4,24,5.7,24,12,999.9,93.9, ,64.9, ,0,G,999.9,10010
72572024127,8/27/2021,40.77069,-111.96503,1288.4,"SALT LAKE CITY INTERNATIONAL AIRPORT, UT US",73.7,24,37.6,24,1009.9,24,869.5,24,8.3,24,5.3,24,12,999.9,88, ,60.1, ,0,G,999.9,0
72572024127,8/28/2021,40.77069,-111.96503,1288.4,"SALT LAKE CITY INTERNATIONAL AIRPORT, UT US",71.6,24,39.1,24,1011.3,24,870.5,24,8.8,24,4.9,24,11.1,999.9,86, ,59, ,0,G,999.9,0
72572024127,8/29/2021,40.77069,-111.96503,1288.4,"SALT LAKE CITY INTERNATIONAL AIRPORT, UT US",72,24,40.4,24,1013,24,871.8,24,9.9,24,4.6,24,8.9,15.9,87.1, ,59, ,0,G,999.9,0
72572024127,8/30/2021,40.77069,-111.96503,1288.4,"SALT LAKE CITY INTERNATIONAL AIRPORT, UT US",75.4,24,45.2,24,1008.6,24,868.5,24,9.3,24,4.9,24,8.9,999.9,91, ,59, ,0,G,999.9,0
72572024127,8/31/2021,40.77069,-111.96503,1288.4,"SALT LAKE CITY INTERNATIONAL AIRPORT, UT US",79.8,24,44,24,1003.7,24,864.7,24,9.7,24,7.6,24,19,28,93, ,63, ,0,G,999.9,0
72572024127,9/1/2021,40.77069,-111.96503,1288.4,"SALT LAKE CITY INTERNATIONAL AIRPORT, UT US",78.7,24,47.8,24,1003.5,24,864.6,24,10,24,10.9,24,19,28.9,93, ,64, ,0,G,999.9,0
72572024127,9/2/2021,40.77069,-111.96503,1288.4,"SALT LAKE CITY INTERNATIONAL AIRPORT, UT US",75.5,24,51.7,24,1006.9,24,867.2,24,10,24,8.1,24,17.1,21,87.1, ,66.9, ,0,G,999.9,0
72572024127,9/3/2021,40.77069,-111.96503,1288.4,"SALT LAKE CITY INTERNATIONAL AIRPORT, UT US",73.5,24,45.6,24,1011.1,22,870.1,24,9.9,24,8,24,24.1,44.1,87.1, ,63, ,0,G,999.9,10010
72572024127,9/4/2021,40.77069,-111.96503,1288.4,"SALT LAKE CITY INTERNATIONAL AIRPORT, UT US",70.4,24,31.6,24,1015.6,24,873.9,24,9.9,24,5,24,11.1,999.9,88, ,55, ,0,G,999.9,0
72572024127,9/5/2021,40.77069,-111.96503,1288.4,"SALT LAKE CITY INTERNATIONAL AIRPORT, UT US",74.4,24,31.8,24,1015.8,24,874.4,24,10,24,5.5,24,8,999.9,91, ,55, ,0,G,999.9,0
72572024127,9/6/2021,40.77069,-111.96503,1288.4,"SALT LAKE CITY INTERNATIONAL AIRPORT, UT US",76.6,24,34.8,24,1015.1,24,874.2,24,10,24,6.1,24,8.9,999.9,93, ,60.1, ,0,G,999.9,0
72572024127,9/7/2021,40.77069,-111.96503,1288.4,"SALT LAKE CITY INTERNATIONAL AIRPORT, UT US",76.5,24,32.9,24,1015.9,24,874.9,24,10,24,5.2,24,8.9,999.9,93, ,61, ,0,G,999.9,0
72572024127,9/8/2021,40.77069,-111.96503,1288.4,"SALT LAKE CITY INTERNATIONAL AIRPORT, UT US",75.8,24,29.8,24,1015.2,24,874.2,24,9.8,24,5.5,24,8,999.9,93, ,59, ,0,G,999.9,0
72572024127,9/9/2021,40.77069,-111.96503,1288.4,"SALT LAKE CITY INTERNATIONAL AIRPORT, UT US",77.9,24,33.5,24,1013.4,24,872.8,24,10,24,6,24,8.9,999.9,97, ,59, ,0,G,999.9,0
72572024127,9/10/2021,40.77069,-111.96503,1288.4,"SALT LAKE CITY INTERNATIONAL AIRPORT, UT US",82.3,24,37.8,24,1011.5,23,871.8,24,10,24,8.4,24,17.1,27,97, ,63, ,0,G,999.9,10010
72572024127,9/11/2021,40.77069,-111.96503,1288.4,"SALT LAKE CITY INTERNATIONAL AIRPORT, UT US",70.7,24,55,24,1015.3,24,874,24,9.9,24,6.3,24,27,38.1,93.9, ,62.1, ,0.02,G,999.9,10010
72572024127,9/12/2021,40.77069,-111.96503,1288.4,"SALT LAKE CITY INTERNATIONAL AIRPORT, UT US",72.6,24,53.4,24,1015.2,24,873.6,24,10,24,4.6,24,9.9,999.9,88, ,61, ,0.09,G,999.9,10000
72572024127,9/13/2021,40.77069,-111.96503,1288.4,"SALT LAKE CITY INTERNATIONAL AIRPORT, UT US",74.4,24,51.7,24,1010.9,24,870.4,24,10,24,5.8,24,17.1,999.9,88, ,61, ,0,G,999.9,0
72572024127,9/14/2021,40.77069,-111.96503,1288.4,"SALT LAKE CITY INTERNATIONAL AIRPORT, UT US",71.4,24,41.6,24,1012.7,24,871.6,24,10,24,4.5,24,9.9,15,84.9, ,59, ,0,G,999.9,0
72572024127,9/15/2021,40.77069,-111.96503,1288.4,"SALT LAKE CITY INTERNATIONAL AIRPORT, UT US",72.3,24,37.3,24,1011.6,24,870.6,24,10,24,6.7,24,8.9,999.9,89.1, ,59, ,0,G,999.9,0
72572024127,9/16/2021,40.77069,-111.96503,1288.4,"SALT LAKE CITY INTERNATIONAL AIRPORT, UT US",74.5,24,36.9,24,1006,24,866.2,24,10,24,6.8,24,12,17.1,89.1, ,59, ,0,G,999.9,0
72572024127,9/17/2021,40.77069,-111.96503,1288.4,"SALT LAKE CITY INTERNATIONAL AIRPORT, UT US",70.3,24,39.1,24,1012.2,24,871.1,24,10,24,4.2,24,9.9,999.9,88, ,57, ,0,G,999.9,0
72572024127,9/18/2021,40.77069,-111.96503,1288.4,"SALT LAKE CITY INTERNATIONAL AIRPORT, UT US",72.7,24,41.5,24,1012.8,24,871.9,24,10,24,13.2,24,22.9,33,88, ,57, ,0,G,999.9,10000
72572024127,9/19/2021,40.77069,-111.96503,1288.4,"SALT LAKE CITY INTERNATIONAL AIRPORT, UT US",71.3,24,44.9,24,1008.2,24,867.5,24,9.6,24,18,24,28,38.1,80.1, ,63, ,0.03,G,999.9,0
72572024127,9/20/2021,40.77069,-111.96503,1288.4,"SALT LAKE CITY INTERNATIONAL AIRPORT, UT US",55.8,24,33.7,24,1020.6,24,876.9,24,10,24,7.2,24,14,15.9,64.9,*,46.9,*,0,G,999.9,0
72572024127,9/21/2021,40.77069,-111.96503,1288.4,"SALT LAKE CITY INTERNATIONAL AIRPORT, UT US",57.4,24,27.6,24,1028.1,24,883.1,24,10,24,3.5,24,7,999.9,73, ,44.1, ,0,G,999.9,0
72572024127,9/22/2021,40.77069,-111.96503,1288.4,"SALT LAKE CITY INTERNATIONAL AIRPORT, UT US",63,24,30.3,24,1024,24,880.1,24,10,24,6.1,24,9.9,999.9,80.1, ,44.1, ,0,G,999.9,0
72572024127,9/23/2021,40.77069,-111.96503,1288.4,"SALT LAKE CITY INTERNATIONAL AIRPORT, UT US",65.6,24,35.7,24,1015.6,24,873.4,24,10,24,4.8,24,12,999.9,80.1, ,48.9, ,0,G,999.9,0
72572024127,9/24/2021,40.77069,-111.96503,1288.4,"SALT LAKE CITY INTERNATIONAL AIRPORT, UT US",65.6,24,41.4,24,1018.3,24,875.6,24,9.9,24,4.4,24,12,999.9,80.1, ,53.1, ,0,G,999.9,0
72572024127,9/25/2021,40.77069,-111.96503,1288.4,"SALT LAKE CITY INTERNATIONAL AIRPORT, UT US",68.6,24,38.2,24,1015.6,24,873.8,24,10,24,6.1,24,11.1,999.9,87.1, ,54, ,0,G,999.9,0
72572024127,9/26/2021,40.77069,-111.96503,1288.4,"SALT LAKE CITY INTERNATIONAL AIRPORT, UT US",71.4,24,35.7,24,1011.6,24,870.6,24,10,24,6.1,24,9.9,999.9,87.1, ,55.9, ,0,G,999.9,0
72572024127,9/27/2021,40.77069,-111.96503,1288.4,"SALT LAKE CITY INTERNATIONAL AIRPORT, UT US",71.9,24,34.2,24,1010.2,24,869.5,24,10,24,6.2,24,9.9,999.9,88, ,57.9, ,0,G,999.9,0
72572024127,9/28/2021,40.77069,-111.96503,1288.4,"SALT LAKE CITY INTERNATIONAL AIRPORT, UT US",71.5,24,35.7,24,1004.9,23,865,24,8.5,24,11.4,24,24.1,27,88, ,59, ,0,G,999.9,0
72572024127,9/29/2021,40.77069,-111.96503,1288.4,"SALT LAKE CITY INTERNATIONAL AIRPORT, UT US",53,24,32.8,24,1015.7,24,872.2,24,9.7,24,7.2,24,17.1,999.9,73.9, ,43, ,0.03,G,999.9,10010
72572024127,9/30/2021,40.77069,-111.96503,1288.4,"SALT LAKE CITY INTERNATIONAL AIRPORT, UT US",54.2,24,30.8,24,1021.5,24,876.9,24,10,24,4.8,24,13,999.9,68, ,42.1, ,0,G,999.9,0
72572024127,10/1/2021,40.77069,-111.96503,1288.4,"SALT LAKE CITY INTERNATIONAL AIRPORT, UT US",58.1,24,34,24,1019.7,24,875.8,24,10,24,4.7,24,8.9,999.9,72, ,42.1, ,0,G,999.9,0
72572024127,10/2/2021,40.77069,-111.96503,1288.4,"SALT LAKE CITY INTERNATIONAL AIRPORT, UT US",62,24,34.2,24,1019.9,24,876.5,24,10,24,4.1,24,8,999.9,75, ,46.9, ,0,G,999.9,0
72572024127,10/3/2021,40.77069,-111.96503,1288.4,"SALT LAKE CITY INTERNATIONAL AIRPORT, UT US",62.4,24,34.2,24,1019.4,24,876.2,24,10,24,4.6,24,8.9,999.9,79, ,48.9, ,0,G,999.9,0
72572024127,10/4/2021,40.77069,-111.96503,1288.4,"SALT LAKE CITY INTERNATIONAL AIRPORT, UT US",65.9,24,33.4,24,1017.4,24,874.8,24,10,24,8.2,24,17.1,24.1,82, ,48.9, ,0,G,999.9,0
72572024127,10/5/2021,40.77069,-111.96503,1288.4,"SALT LAKE CITY INTERNATIONAL AIRPORT, UT US",69.8,24,35.8,24,1014.2,24,872.6,24,9.9,24,8.4,24,17.1,25.1,82, ,53.1, ,0,G,999.9,10000
72572024127,10/6/2021,40.77069,-111.96503,1288.4,"SALT LAKE CITY INTERNATIONAL AIRPORT, UT US",63.7,24,48.2,24,1013.2,24,871.4,24,9.9,24,8,24,18.1,25.1,81, ,60.1, ,0.01,G,999.9,10000
72572024127,10/7/2021,40.77069,-111.96503,1288.4,"SALT LAKE CITY INTERNATIONAL AIRPORT, UT US",61.5,24,51.5,24,1014.7,24,872.1,24,9.6,24,6.8,24,14,19,71.1, ,55, ,0.15,G,999.9,10010
72572024127,10/8/2021,40.77069,-111.96503,1288.4,"SALT LAKE CITY INTERNATIONAL AIRPORT, UT US",57.3,24,49.4,24,1011.6,23,869.3,24,10,24,8,24,20,32.1,71.1, ,52, ,0,G,999.9,10000
72572024127,10/9/2021,40.77069,-111.96503,1288.4,"SALT LAKE CITY INTERNATIONAL AIRPORT, UT US",49.5,24,45.2,24,1013.7,21,870.2,24,8.9,24,6,24,18.1,999.9,63, ,46, ,0.57,G,999.9,10000
72572024127,10/10/2021,40.77069,-111.96503,1288.4,"SALT LAKE CITY INTERNATIONAL AIRPORT, UT US",51,24,41.4,24,1018.8,24,874.2,24,10,24,3.6,24,7,999.9,59, ,46, ,0.04,G,999.9,0
72572024127,10/11/2021,40.77069,-111.96503,1288.4,"SALT LAKE CITY INTERNATIONAL AIRPORT, UT US",53.3,24,35.7,24,1005.7,24,863.3,24,10,24,9.4,24,18.1,24.1,62.1, ,46, ,0,G,999.9,10000
72572024127,10/12/2021,40.77069,-111.96503,1288.4,"SALT LAKE CITY INTERNATIONAL AIRPORT, UT US",40.8,24,36.2,24,1003.5,20,859.8,24,9.7,24,11.8,24,17.1,22,46,*,35.1,*,0.19,G,999.9,10000
72572024127,10/13/2021,40.77069,-111.96503,1288.4,"SALT LAKE CITY INTERNATIONAL AIRPORT, UT US",39.3,24,29.5,24,1015,23,869.5,24,10,24,7.7,24,17.1,999.9,48.9, ,34, ,0.03,G,999.9,10000
72572024127,10/14/2021,40.77069,-111.96503,1288.4,"SALT LAKE CITY INTERNATIONAL AIRPORT, UT US",42.3,24,29.3,24,1017.5,20,872.4,24,9.5,24,5,24,11.1,15.9,48.9, ,34, ,0,G,999.9,11000
72572024127,10/15/2021,40.77069,-111.96503,1288.4,"SALT LAKE CITY INTERNATIONAL AIRPORT, UT US",41.2,24,26.3,24,1028.8,24,881.4,24,10,24,5.4,24,8.9,999.9,55.9, ,33.1, ,0.23,G,999.9,0
72572024127,10/16/2021,40.77069,-111.96503,1288.4,"SALT LAKE CITY INTERNATIONAL AIRPORT, UT US",45.8,24,29,24,1028.4,24,881.7,24,10,24,4.6,24,8,999.9,61, ,33.1, ,0,G,999.9,0
72572024127,10/17/2021,40.77069,-111.96503,1288.4,"SALT LAKE CITY INTERNATIONAL AIRPORT, UT US",53.1,24,32.5,24,1018,24,873.5,24,10,24,7.8,24,19,33,72, ,34, ,0,G,999.9,0
72572024127,10/18/2021,40.77069,-111.96503,1288.4,"SALT LAKE CITY INTERNATIONAL AIRPORT, UT US",57.4,24,33,24,1005.1,23,863.4,24,9.7,24,8.6,24,20,33,72, ,39, ,0,G,999.9,10000
72572024127,10/19/2021,40.77069,-111.96503,1288.4,"SALT LAKE CITY INTERNATIONAL AIRPORT, UT US",43.2,24,40.1,24,1012.1,21,868.1,24,9,24,6,24,11.1,999.9,46.9,*,39,*,0.7,G,999.9,10000
72572024127,10/20/2021,40.77069,-111.96503,1288.4,"SALT LAKE CITY INTERNATIONAL AIRPORT, UT US",45.6,24,37,24,1021.2,24,875.3,24,10,24,8,24,13,20,61, ,37, ,0.14,G,999.9,0
72572024127,10/21/2021,40.77069,-111.96503,1288.4,"SALT LAKE CITY INTERNATIONAL AIRPORT, UT US",51.6,24,38.9,24,1022.3,24,877.2,24,10,24,4.2,24,9.9,999.9,68, ,37, ,0,G,999.9,0
72572024127,10/22/2021,40.77069,-111.96503,1288.4,"SALT LAKE CITY INTERNATIONAL AIRPORT, UT US",54.1,24,37.3,24,1016.2,24,872.4,24,10,24,7.8,24,17.1,27,71.1, ,42.1, ,0,G,999.9,0
72572024127,10/23/2021,40.77069,-111.96503,1288.4,"SALT LAKE CITY INTERNATIONAL AIRPORT, UT US",52.8,24,35.7,24,1007,22,864.9,24,9.6,24,9.4,24,20,29.9,71.1, ,43, ,0,G,999.9,10000
72572024127,10/24/2021,40.77069,-111.96503,1288.4,"SALT LAKE CITY INTERNATIONAL AIRPORT, UT US",46.2,24,41.7,24,1009.9,24,866.2,24,9.5,24,6.6,24,19,24.1,63, ,39.9, ,0.19,G,999.9,10000
72572024127,10/25/2021,40.77069,-111.96503,1288.4,"SALT LAKE CITY INTERNATIONAL AIRPORT, UT US",62.2,24,39.2,24,1001.2,24,860.2,24,10,24,16.9,24,28.9,42.9,68, ,39.9, ,0.01,G,999.9,10000
72572024127,10/26/2021,40.77069,-111.96503,1288.4,"SALT LAKE CITY INTERNATIONAL AIRPORT, UT US",43.2,24,38.2,24,1009.9,19,865.4,24,8.7,24,9.8,24,19,29.9,53.1,*,37.4,*,1.14,G,999.9,10000
72572024127,10/27/2021,40.77069,-111.96503,1288.4,"SALT LAKE CITY INTERNATIONAL AIRPORT, UT US",47.6,24,34.9,24,1021.5,24,876,24,10,24,5.2,24,13,999.9,57.9, ,37.9, ,0.09,G,999.9,0
72572024127,10/28/2021,40.77069,-111.96503,1288.4,"SALT LAKE CITY INTERNATIONAL AIRPORT, UT US",51.2,24,38.1,24,1026.6,24,880.9,24,10,24,4.5,24,8,999.9,63, ,41, ,0,G,999.9,0
72572024127,10/29/2021,40.77069,-111.96503,1288.4,"SALT LAKE CITY INTERNATIONAL AIRPORT, UT US",50.8,24,39.2,24,1022.4,24,877.4,24,10,24,5.1,24,7,999.9,64.9, ,41, ,0,G,999.9,0
72572024127,10/30/2021,40.77069,-111.96503,1288.4,"SALT LAKE CITY INTERNATIONAL AIRPORT, UT US",51.7,24,41.2,24,1015.3,24,871.4,24,10,24,4.5,24,9.9,999.9,64.9, ,41, ,0,G,999.9,0
72572024127,10/31/2021,40.77069,-111.96503,1288.4,"SALT LAKE CITY INTERNATIONAL AIRPORT, UT US",53.4,24,44.6,24,1012.4,24,869.1,24,9.9,24,2.6,24,7,999.9,66, ,42.1, ,0,G,999.9,100000
72572024127,11/1/2021,40.77069,-111.96503,1288.4,"SALT LAKE CITY INTERNATIONAL AIRPORT, UT US",53,24,43.8,24,1014.6,24,871,24,9.8,24,3.1,24,11.1,999.9,66, ,39, ,0,G,999.9,0
72572024127,11/2/2021,40.77069,-111.96503,1288.4,"SALT LAKE CITY INTERNATIONAL AIRPORT, UT US",52.2,24,47.3,24,1019.7,22,875.6,24,9.7,24,5,24,11.1,999.9,63, ,46, ,0.05,G,999.9,10000
72572024127,11/3/2021,40.77069,-111.96503,1288.4,"SALT LAKE CITY INTERNATIONAL AIRPORT, UT US",48,24,40.1,24,1025.4,24,879.6,24,10,24,4.6,24,7,999.9,57.9, ,39.9, ,0.01,G,999.9,0
72572024127,11/4/2021,40.77069,-111.96503,1288.4,"SALT LAKE CITY INTERNATIONAL AIRPORT, UT US",49.8,24,37.3,24,1020.1,24,875.2,24,10,24,6.4,24,13,19,66.9, ,39, ,0,G,999.9,0
72572024127,11/5/2021,40.77069,-111.96503,1288.4,"SALT LAKE CITY INTERNATIONAL AIRPORT, UT US",51.8,24,41.4,24,1017.7,24,873.5,24,10,24,4.3,24,11.1,999.9,66.9, ,39, ,0,G,999.9,0
72572024127,11/6/2021,40.77069,-111.96503,1288.4,"SALT LAKE CITY INTERNATIONAL AIRPORT, UT US",56.9,24,35.2,24,1013.6,24,870.5,24,10,24,5.4,24,15,24.1,66.9, ,41, ,0,G,999.9,0
72572024127,11/7/2021,40.77069,-111.96503,1288.4,"SALT LAKE CITY INTERNATIONAL AIRPORT, UT US",49.2,24,40.2,24,1014.5,24,870.8,24,10,24,6,24,13,999.9,66.9, ,42.1, ,0,G,999.9,0
72572024127,11/8/2021,40.77069,-111.96503,1288.4,"SALT LAKE CITY INTERNATIONAL AIRPORT, UT US",44.2,24,37.4,24,1020,24,874.5,24,10,24,5.5,24,12,999.9,54, ,37.9, ,0,G,999.9,0
72572024127,11/9/2021,40.77069,-111.96503,1288.4,"SALT LAKE CITY INTERNATIONAL AIRPORT, UT US",42.4,24,37.8,24,1018.8,24,873.2,24,9.5,24,5.1,24,20,29.9,50, ,37, ,0,G,999.9,110000
72572024127,11/10/2021,40.77069,-111.96503,1288.4,"SALT LAKE CITY INTERNATIONAL AIRPORT, UT US",44.8,24,39.2,24,1022,23,875.8,24,9.1,24,5.4,24,20,28,52, ,37, ,0.25,G,999.9,10000
72572024127,11/11/2021,40.77069,-111.96503,1288.4,"SALT LAKE CITY INTERNATIONAL AIRPORT, UT US",45.6,24,34.6,24,1026.5,24,880.2,24,10,24,4.1,24,8.9,999.9,52, ,39, ,0,G,999.9,10000
72572024127,11/12/2021,40.77069,-111.96503,1288.4,"SALT LAKE CITY INTERNATIONAL AIRPORT, UT US",49.8,24,38,24,1028.2,24,882,24,10,24,5.4,24,9.9,999.9,62.1, ,39, ,0,G,999.9,0
72572024127,11/13/2021,40.77069,-111.96503,1288.4,"SALT LAKE CITY INTERNATIONAL AIRPORT, UT US",51.2,24,39.1,24,1025.4,24,880,24,10,24,4.9,24,8.9,999.9,63, ,42.1, ,0,G,999.9,0
72572024127,11/14/2021,40.77069,-111.96503,1288.4,"SALT LAKE CITY INTERNATIONAL AIRPORT, UT US",51,24,37.7,24,1025.1,24,879.6,24,10,24,5.1,24,9.9,999.9,66, ,42.1, ,0,G,999.9,0
72572024127,11/15/2021,40.77069,-111.96503,1288.4,"SALT LAKE CITY INTERNATIONAL AIRPORT, UT US",52.5,24,35.6,24,1021.2,24,876.5,24,10,24,6,24,11.1,999.9,66, ,42.1, ,0,G,999.9,0
72572024127,11/16/2021,40.77069,-111.96503,1288.4,"SALT LAKE CITY INTERNATIONAL AIRPORT, UT US",52.4,24,38.3,24,1013.6,24,870.1,24,10,24,5.6,24,13,999.9,66, ,42.1, ,0,G,999.9,0
72572024127,11/17/2021,40.77069,-111.96503,1288.4,"SALT LAKE CITY INTERNATIONAL AIRPORT, UT US",37.5,24,21.5,24,1024.1,24,877.7,24,10,24,6.4,24,12,999.9,61, ,28, ,0,G,999.9,10000
72572024127,11/18/2021,40.77069,-111.96503,1288.4,"SALT LAKE CITY INTERNATIONAL AIRPORT, UT US",34.9,24,19.2,24,1027.4,24,879.4,24,10,24,3,24,7,999.9,45, ,28, ,0,G,999.9,0
72572024127,11/19/2021,40.77069,-111.96503,1288.4,"SALT LAKE CITY INTERNATIONAL AIRPORT, UT US",40.8,24,27.5,24,1021,24,874.7,24,10,24,4,24,11.1,999.9,48, ,28, ,0,G,999.9,0
72572024127,11/20/2021,40.77069,-111.96503,1288.4,"SALT LAKE CITY INTERNATIONAL AIRPORT, UT US",42.3,24,36.3,24,1021.7,23,875.7,24,7.8,24,4.8,24,12,999.9,48, ,36, ,0.03,G,999.9,10000
72572024127,11/21/2021,40.77069,-111.96503,1288.4,"SALT LAKE CITY INTERNATIONAL AIRPORT, UT US",37.1,24,29.7,24,1033.1,24,884.8,24,10,24,3.4,24,8,999.9,48, ,28, ,0,G,999.9,0
72572024127,11/22/2021,40.77069,-111.96503,1288.4,"SALT LAKE CITY INTERNATIONAL AIRPORT, UT US",36.8,24,27.9,24,1031.8,24,883.6,24,10,24,4,24,8,999.9,48.9,*,28.9,*,0,G,999.9,0
72572024127,11/23/2021,40.77069,-111.96503,1288.4,"SALT LAKE CITY INTERNATIONAL AIRPORT, UT US",36.5,24,28.9,24,1017.4,24,871.1,24,9.5,24,3.8,24,11.1,999.9,61, ,28, ,0,G,999.9,100000
72572024127,11/24/2021,40.77069,-111.96503,1288.4,"SALT LAKE CITY INTERNATIONAL AIRPORT, UT US",38,24,24.9,24,1023,23,875.3,24,8.8,24,7.7,24,12,20,50, ,28, ,0,G,999.9,100000
72572024127,11/25/2021,40.77069,-111.96503,1288.4,"SALT LAKE CITY INTERNATIONAL AIRPORT, UT US",33.7,24,21.9,24,1036.2,24,887.1,24,10,24,4.2,24,8.9,999.9,46, ,26.1, ,0,G,999.9,0
72572024127,11/26/2021,40.77069,-111.96503,1288.4,"SALT LAKE CITY INTERNATIONAL AIRPORT, UT US",34.2,24,23.6,24,1031.5,24,883,24,10,24,4.3,24,8.9,999.9,46, ,26.1, ,0,G,999.9,0
72572024127,11/27/2021,40.77069,-111.96503,1288.4,"SALT LAKE CITY INTERNATIONAL AIRPORT, UT US",35.3,24,24.9,24,1026.8,24,879.1,24,10,24,2.8,24,8,999.9,50, ,27, ,0,G,999.9,0
72572024127,11/28/2021,40.77069,-111.96503,1288.4,"SALT LAKE CITY INTERNATIONAL AIRPORT, UT US",39.3,24,29.3,24,1029.7,24,882,24,9,24,4,24,8,999.9,54, ,27, ,0,G,999.9,0
72572024127,11/29/2021,40.77069,-111.96503,1288.4,"SALT LAKE CITY INTERNATIONAL AIRPORT, UT US",40.4,24,31.6,24,1027.2,24,880.1,24,7.9,24,2.3,24,9.9,999.9,55, ,30, ,0,G,999.9,0
72572024127,11/30/2021,40.77069,-111.96503,1288.4,"SALT LAKE CITY INTERNATIONAL AIRPORT, UT US",39,24,32.1,24,1027.4,24,880.3,24,6.4,24,3.4,24,8.9,999.9,55, ,30, ,0,G,999.9,0
72572024127,12/1/2021,40.77069,-111.96503,1288.4,"SALT LAKE CITY INTERNATIONAL AIRPORT, UT US",39.8,24,30,24,1030,24,882.5,24,7.8,24,2.3,24,7,999.9,55, ,30, ,0,G,999.9,0
72572024127,12/2/2021,40.77069,-111.96503,1288.4,"SALT LAKE CITY INTERNATIONAL AIRPORT, UT US",40.9,24,31.5,24,1025.5,24,879,24,8.1,24,3.3,24,11.1,999.9,57, ,30, ,0,G,999.9,0
72572024127,12/3/2021,40.77069,-111.96503,1288.4,"SALT LAKE CITY INTERNATIONAL AIRPORT, UT US",40,24,33.1,24,1023.1,24,876.6,24,9.1,24,3.7,24,9.9,999.9,57, ,30, ,0,G,999.9,0
72572024127,12/4/2021,40.77069,-111.96503,1288.4,"SALT LAKE CITY INTERNATIONAL AIRPORT, UT US",40.4,24,32.2,24,1022.5,24,876.1,24,7.7,24,3.8,24,8.9,999.9,55.9, ,30, ,0,G,999.9,0
72572024127,12/5/2021,40.77069,-111.96503,1288.4,"SALT LAKE CITY INTERNATIONAL AIRPORT, UT US",42.5,24,30.1,24,1020.5,24,874.6,24,10,24,5.7,24,15,20,55.9, ,30, ,0,G,999.9,0
72572024127,12/6/2021,40.77069,-111.96503,1288.4,"SALT LAKE CITY INTERNATIONAL AIRPORT, UT US",37.5,24,24.1,24,1022.1,24,875.6,24,10,24,3.6,24,8,999.9,55, ,28.9, ,0,G,999.9,0
72572024127,12/7/2021,40.77069,-111.96503,1288.4,"SALT LAKE CITY INTERNATIONAL AIRPORT, UT US",40.5,24,28.4,24,1016.6,24,870.9,24,10,24,3.2,24,8.9,999.9,52, ,28.9, ,0,G,999.9,0
72572024127,12/8/2021,40.77069,-111.96503,1288.4,"SALT LAKE CITY INTERNATIONAL AIRPORT, UT US",40.5,24,28.6,24,1015.3,24,869.9,24,10,24,8.4,24,15.9,24.1,52, ,32, ,0,G,999.9,0
72572024127,12/9/2021,40.77069,-111.96503,1288.4,"SALT LAKE CITY INTERNATIONAL AIRPORT, UT US",40,24,34.1,24,1005.9,21,862,24,6.3,24,7.1,24,15.9,21,52, ,30.9, ,0,G,1.2,11000
72572024127,12/10/2021,40.77069,-111.96503,1288.4,"SALT LAKE CITY INTERNATIONAL AIRPORT, UT US",28.6,24,21.5,24,1016,20,868,24,7.6,24,7.6,24,12,22,32,*,24.8,*,0.53,G,2,1000
72572024127,12/11/2021,40.77069,-111.96503,1288.4,"SALT LAKE CITY INTERNATIONAL AIRPORT, UT US",26.3,24,16,24,1026.1,24,877,24,10,24,9.5,24,15,22,32, ,21.9, ,0.04,G,1.2,0
72572024127,12/12/2021,40.77069,-111.96503,1288.4,"SALT LAKE CITY INTERNATIONAL AIRPORT, UT US",36.4,24,17.6,24,1016.4,24,869.7,24,10,24,9.8,24,15.9,25.1,48.9, ,21.9, ,0,G,1.2,0
72572024127,12/13/2021,40.77069,-111.96503,1288.4,"SALT LAKE CITY INTERNATIONAL AIRPORT, UT US",43.7,24,20.1,24,1012,24,867.4,24,10,24,12.7,24,22,29.9,48.9, ,31.1, ,0,G,1.2,0
72572024127,12/14/2021,40.77069,-111.96503,1288.4,"SALT LAKE CITY INTERNATIONAL AIRPORT, UT US",49.3,24,22.4,24,1006,24,863,24,10,24,17.4,24,22.9,38.1,55.9, ,39, ,0,G,999.9,0
72572024127,12/15/2021,40.77069,-111.96503,1288.4,"SALT LAKE CITY INTERNATIONAL AIRPORT, UT US",32.7,24,25.4,24,1000.7,8,863.3,24,6.3,24,11.7,24,26,33,55.9, ,24.1, ,0.44,G,7.1,111010
72572024127,12/16/2021,40.77069,-111.96503,1288.4,"SALT LAKE CITY INTERNATIONAL AIRPORT, UT US",29.7,24,18.8,24,1016.2,9,869.6,24,10,24,9.4,24,21,28,37.4,*,21.9,*,0.08,G,5.9,0
72572024127,12/17/2021,40.77069,-111.96503,1288.4,"SALT LAKE CITY INTERNATIONAL AIRPORT, UT US",32.3,24,25.3,24,1023,15,873.3,24,8.8,24,5.2,24,13,999.9,37, ,28, ,0,G,5.1,1000
72572024127,12/18/2021,40.77069,-111.96503,1288.4,"SALT LAKE CITY INTERNATIONAL AIRPORT, UT US",27.4,24,18,24,1030,24,880.7,24,10,24,5.6,24,9.9,999.9,37, ,21, ,0,G,3.9,0
72572024127,12/19/2021,40.77069,-111.96503,1288.4,"SALT LAKE CITY INTERNATIONAL AIRPORT, UT US",24.7,24,18.5,24,1025.2,24,876,24,9,24,2.2,24,5.1,999.9,36, ,18, ,0,G,3.9,0
72572024127,12/20/2021,40.77069,-111.96503,1288.4,"SALT LAKE CITY INTERNATIONAL AIRPORT, UT US",27.8,24,21.9,24,1023.4,24,874.7,24,6.3,24,2.6,24,8,999.9,39, ,18, ,0,G,3.1,100000
72572024127,12/21/2021,40.77069,-111.96503,1288.4,"SALT LAKE CITY INTERNATIONAL AIRPORT, UT US",28.5,24,23.4,24,1025.3,21,876.8,24,4.3,24,3.1,24,6,999.9,39, ,21.9, ,0,G,3.1,100000
72572024127,12/22/2021,40.77069,-111.96503,1288.4,"SALT LAKE CITY INTERNATIONAL AIRPORT, UT US",24.7,24,21.8,24,1021,13,872.8,24,2.1,24,2.8,24,8.9,999.9,37.9, ,14, ,0,G,3.1,100000
72572024127,12/23/2021,40.77069,-111.96503,1288.4,"SALT LAKE CITY INTERNATIONAL AIRPORT, UT US",37.5,24,29.5,24,1010.7,24,864.8,24,7.2,24,10.7,24,24.1,35.9,50, ,14, ,0,G,1.2,0
72572024127,12/24/2021,40.77069,-111.96503,1288.4,"SALT LAKE CITY INTERNATIONAL AIRPORT, UT US",40.9,24,34.6,24,999.8,23,857,24,9.8,24,13.4,24,24.1,34,50, ,28, ,0.11,G,3.1,10000
72572024127,12/25/2021,40.77069,-111.96503,1288.4,"SALT LAKE CITY INTERNATIONAL AIRPORT, UT US",41.7,24,28.6,24,1004.1,24,860.2,24,10,24,10.6,24,20,28,48.9, ,35.1, ,0.02,G,999.9,10000
72572024127,12/26/2021,40.77069,-111.96503,1288.4,"SALT LAKE CITY INTERNATIONAL AIRPORT, UT US",38.3,24,25.4,24,1001.1,21,857.3,24,9.1,24,15.5,24,28.9,42,48.9, ,28.9, ,0,G,2,101000
72572024127,12/27/2021,40.77069,-111.96503,1288.4,"SALT LAKE CITY INTERNATIONAL AIRPORT, UT US",33,24,18.7,24,1005.5,24,860.5,24,10,24,15.4,24,26,35.9,44.1, ,28.9, ,0.13,G,1.2,0
72572024127,12/28/2021,40.77069,-111.96503,1288.4,"SALT LAKE CITY INTERNATIONAL AIRPORT, UT US",24.5,24,17,24,1005.8,19,859.3,24,8.5,24,5.4,24,32.1,42,37.9,*,21,*,0.13,G,2,101000
72572024127,12/29/2021,40.77069,-111.96503,1288.4,"SALT LAKE CITY INTERNATIONAL AIRPORT, UT US",22.5,24,17.2,24,1008.7,22,861.4,24,8.5,24,7.5,24,18.1,27,33.1, ,16, ,0.02,G,2,1000
72572024127,12/30/2021,40.77069,-111.96503,1288.4,"SALT LAKE CITY INTERNATIONAL AIRPORT, UT US",35.4,24,25.5,24,1006.2,24,861.2,24,10,24,14.1,24,22,31.1,43,*,32,*,0,G,1.2,1000
72572024127,12/31/2021,40.77069,-111.96503,1288.4,"SALT LAKE CITY INTERNATIONAL AIRPORT, UT US",30.7,24,27.8,24,1003.3,9,858.5,24,5.1,24,5.4,24,19,28.9,43, ,26.1, ,0.28,G,5.1,101000
